<?xml version="1.0" encoding="UTF-8"?>
<!DOCTYPE mapper PUBLIC "-//mybatis.org//DTD Mapper 3.0//EN"
        "http://mybatis.org/dtd/mybatis-3-mapper.dtd">
<mapper namespace="com.tao.dao.UserDao">
    <insert id="add" parameterType="com.tao.entity.po.User"
            flushCache="true">
        INSERT INTO `user` (`name`)VALUES
        (#{entity.name})
    </insert>
    <select id="find" parameterType="com.tao.entity.po.User"
            resultType="com.tao.entity.po.User">
        SELECT u.* FROM `user` u
        WHERE 1=1
        <if test="entity.id !=null">
            AND u.id=#{entity.id}
        </if>
        <if test="entity.name !=null">
            AND u.name=#{entity.name}
        </if>
    </select>
</mapper>