/*
Navicat MySQL Data Transfer

Source Server         : localhost
Source Server Version : 50536
Source Host           : localhost:3306
Source Database       : mvc_test

Target Server Type    : MYSQL
Target Server Version : 50536
File Encoding         : 65001

Date: 2017-11-28 15:01:56
*/

SET FOREIGN_KEY_CHECKS=0;

-- ----------------------------
-- Table structure for db_class
-- ----------------------------
DROP TABLE IF EXISTS `db_class`;
CREATE TABLE `db_class` (
  `id` int(11) NOT NULL AUTO_INCREMENT,
  `name` varchar(255) DEFAULT NULL COMMENT '班级名称',
  `floor` int(11) DEFAULT NULL COMMENT '楼层',
  `grade_no` int(11) DEFAULT NULL COMMENT '年级编号（3年级）',
  `classno` int(11) DEFAULT NULL COMMENT '班级（2班）',
  PRIMARY KEY (`id`)
) ENGINE=InnoDB AUTO_INCREMENT=81 DEFAULT CHARSET=utf8;

-- ----------------------------
-- Records of db_class
-- ----------------------------
INSERT INTO `db_class` VALUES ('1', null, '1', '1', '7');
INSERT INTO `db_class` VALUES ('2', null, '1', '1', '1');
INSERT INTO `db_class` VALUES ('3', null, '1', '1', '2');
INSERT INTO `db_class` VALUES ('4', null, '1', '1', '3');
INSERT INTO `db_class` VALUES ('5', null, '1', '1', '4');
INSERT INTO `db_class` VALUES ('6', null, '1', '1', '5');
INSERT INTO `db_class` VALUES ('7', null, '1', '1', '6');
INSERT INTO `db_class` VALUES ('8', null, '1', '1', '7');
INSERT INTO `db_class` VALUES ('9', null, '1', '1', '8');
INSERT INTO `db_class` VALUES ('10', null, '1', '2', '1');
INSERT INTO `db_class` VALUES ('11', null, '1', '2', '2');
INSERT INTO `db_class` VALUES ('12', null, '1', '2', '3');
INSERT INTO `db_class` VALUES ('13', null, '1', '2', '4');
INSERT INTO `db_class` VALUES ('14', null, '1', '2', '5');
INSERT INTO `db_class` VALUES ('15', null, '1', '2', '6');
INSERT INTO `db_class` VALUES ('16', null, '1', '2', '7');
INSERT INTO `db_class` VALUES ('17', null, '1', '2', '8');
INSERT INTO `db_class` VALUES ('18', null, '1', '3', '1');
INSERT INTO `db_class` VALUES ('19', null, '1', '3', '2');
INSERT INTO `db_class` VALUES ('20', null, '1', '3', '3');
INSERT INTO `db_class` VALUES ('21', null, '1', '3', '4');
INSERT INTO `db_class` VALUES ('22', null, '1', '3', '5');
INSERT INTO `db_class` VALUES ('23', null, '1', '3', '6');
INSERT INTO `db_class` VALUES ('24', null, '1', '3', '7');
INSERT INTO `db_class` VALUES ('25', null, '1', '4', '1');
INSERT INTO `db_class` VALUES ('26', null, '1', '4', '2');
INSERT INTO `db_class` VALUES ('27', null, '1', '4', '3');
INSERT INTO `db_class` VALUES ('28', null, '1', '4', '4');
INSERT INTO `db_class` VALUES ('29', null, '1', '4', '5');
INSERT INTO `db_class` VALUES ('30', null, '1', '4', '6');
INSERT INTO `db_class` VALUES ('31', null, '1', '4', '7');
INSERT INTO `db_class` VALUES ('32', null, '1', '5', '1');
INSERT INTO `db_class` VALUES ('33', null, '1', '5', '2');
INSERT INTO `db_class` VALUES ('34', null, '1', '5', '3');
INSERT INTO `db_class` VALUES ('35', null, '1', '5', '4');
INSERT INTO `db_class` VALUES ('36', null, '1', '5', '5');
INSERT INTO `db_class` VALUES ('37', null, '1', '5', '6');
INSERT INTO `db_class` VALUES ('38', null, '1', '5', '7');
INSERT INTO `db_class` VALUES ('39', null, '1', '5', '8');
INSERT INTO `db_class` VALUES ('40', null, '1', '6', '1');
INSERT INTO `db_class` VALUES ('41', null, '1', '6', '2');
INSERT INTO `db_class` VALUES ('42', null, '1', '6', '3');
INSERT INTO `db_class` VALUES ('43', null, '1', '6', '4');
INSERT INTO `db_class` VALUES ('44', null, '1', '6', '5');
INSERT INTO `db_class` VALUES ('45', null, '1', '6', '6');
INSERT INTO `db_class` VALUES ('46', null, '1', '6', '7');
INSERT INTO `db_class` VALUES ('47', null, '1', '7', '1');
INSERT INTO `db_class` VALUES ('48', null, '1', '7', '2');
INSERT INTO `db_class` VALUES ('49', null, '1', '7', '3');
INSERT INTO `db_class` VALUES ('50', null, '1', '7', '4');
INSERT INTO `db_class` VALUES ('51', null, '1', '7', '5');
INSERT INTO `db_class` VALUES ('52', null, '1', '7', '6');
INSERT INTO `db_class` VALUES ('53', null, '1', '7', '7');
INSERT INTO `db_class` VALUES ('54', null, '1', '7', '8');
INSERT INTO `db_class` VALUES ('55', null, '1', '8', '1');
INSERT INTO `db_class` VALUES ('56', null, '1', '8', '2');
INSERT INTO `db_class` VALUES ('57', null, '1', '8', '3');
INSERT INTO `db_class` VALUES ('58', null, '1', '8', '4');
INSERT INTO `db_class` VALUES ('59', null, '1', '8', '5');
INSERT INTO `db_class` VALUES ('60', null, '1', '8', '6');
INSERT INTO `db_class` VALUES ('61', null, '1', '8', '7');
INSERT INTO `db_class` VALUES ('62', null, '1', '9', '1');
INSERT INTO `db_class` VALUES ('63', null, '1', '9', '2');
INSERT INTO `db_class` VALUES ('64', null, '1', '9', '3');
INSERT INTO `db_class` VALUES ('65', null, '1', '9', '4');
INSERT INTO `db_class` VALUES ('66', null, '1', '9', '5');
INSERT INTO `db_class` VALUES ('67', null, '1', '9', '6');
INSERT INTO `db_class` VALUES ('68', null, '1', '9', '7');
INSERT INTO `db_class` VALUES ('69', null, '1', '9', '8');
INSERT INTO `db_class` VALUES ('70', null, '1', '10', '9');
INSERT INTO `db_class` VALUES ('71', null, '1', '10', '10');
INSERT INTO `db_class` VALUES ('72', null, '1', '10', '11');
INSERT INTO `db_class` VALUES ('73', null, '1', '10', '12');
INSERT INTO `db_class` VALUES ('74', null, '1', '10', '13');
INSERT INTO `db_class` VALUES ('75', null, '1', '10', '14');
INSERT INTO `db_class` VALUES ('76', null, '1', '10', '15');
INSERT INTO `db_class` VALUES ('77', null, '1', '11', '16');
INSERT INTO `db_class` VALUES ('78', null, '1', '11', '17');
INSERT INTO `db_class` VALUES ('79', null, '1', '11', '18');
INSERT INTO `db_class` VALUES ('80', null, '1', '11', '19');

-- ----------------------------
-- Table structure for db_course
-- ----------------------------
DROP TABLE IF EXISTS `db_course`;
CREATE TABLE `db_course` (
  `id` int(11) NOT NULL AUTO_INCREMENT,
  `name` varchar(255) DEFAULT NULL COMMENT '课程名称',
  `c_grade` varchar(255) DEFAULT NULL COMMENT '课程年级',
  PRIMARY KEY (`id`)
) ENGINE=InnoDB AUTO_INCREMENT=2 DEFAULT CHARSET=utf8;

-- ----------------------------
-- Records of db_course
-- ----------------------------
INSERT INTO `db_course` VALUES ('1', '语文', '1');

-- ----------------------------
-- Table structure for db_grade
-- ----------------------------
DROP TABLE IF EXISTS `db_grade`;
CREATE TABLE `db_grade` (
  `id` int(11) NOT NULL AUTO_INCREMENT,
  `name` varchar(255) DEFAULT NULL COMMENT '年级名：一年级',
  `gno` int(11) DEFAULT NULL COMMENT '年级编号（一年级：1；初一：7；高一为10；大一：13）',
  PRIMARY KEY (`id`)
) ENGINE=InnoDB AUTO_INCREMENT=25 DEFAULT CHARSET=utf8;

-- ----------------------------
-- Records of db_grade
-- ----------------------------
INSERT INTO `db_grade` VALUES ('3', '一年级', '1');
INSERT INTO `db_grade` VALUES ('4', '二年级', '2');
INSERT INTO `db_grade` VALUES ('5', '三年级', '3');
INSERT INTO `db_grade` VALUES ('6', '四年级', '4');
INSERT INTO `db_grade` VALUES ('7', '五年级', '5');
INSERT INTO `db_grade` VALUES ('8', '六年级', '6');
INSERT INTO `db_grade` VALUES ('9', '初一', '7');
INSERT INTO `db_grade` VALUES ('10', '初二', '8');
INSERT INTO `db_grade` VALUES ('11', '初三', '9');
INSERT INTO `db_grade` VALUES ('12', '高一', '10');
INSERT INTO `db_grade` VALUES ('13', '高二', '11');
INSERT INTO `db_grade` VALUES ('14', '高三', '12');
INSERT INTO `db_grade` VALUES ('15', '大一', '13');
INSERT INTO `db_grade` VALUES ('16', '大二', '14');
INSERT INTO `db_grade` VALUES ('17', '大三', '15');
INSERT INTO `db_grade` VALUES ('18', '大四', '16');
INSERT INTO `db_grade` VALUES ('19', '硕一', '17');
INSERT INTO `db_grade` VALUES ('20', '硕二', '18');
INSERT INTO `db_grade` VALUES ('21', '硕三', '19');
INSERT INTO `db_grade` VALUES ('22', '博一', '20');
INSERT INTO `db_grade` VALUES ('23', '博二', '21');
INSERT INTO `db_grade` VALUES ('24', '博三', '22');

-- ----------------------------
-- Table structure for db_student
-- ----------------------------
DROP TABLE IF EXISTS `db_student`;
CREATE TABLE `db_student` (
  `id` int(11) NOT NULL AUTO_INCREMENT,
  `sno` varchar(255) DEFAULT NULL COMMENT '学号',
  `name` varchar(255) DEFAULT NULL COMMENT '姓名',
  `birth` date DEFAULT NULL COMMENT '出生日期',
  `sex` int(255) DEFAULT '0' COMMENT '性别:0男 1女',
  `class_id` int(11) DEFAULT NULL,
  PRIMARY KEY (`id`)
) ENGINE=InnoDB AUTO_INCREMENT=1351 DEFAULT CHARSET=utf8;

-- ----------------------------
-- Records of db_student
-- ----------------------------
INSERT INTO `db_student` VALUES ('2', '17001001', '白莲女', '1998-02-14', '1', '1');
INSERT INTO `db_student` VALUES ('3', '17001002', '折为成', '1998-05-08', '0', '1');
INSERT INTO `db_student` VALUES ('4', '17001003', '折得民', '1997-02-05', '1', '1');
INSERT INTO `db_student` VALUES ('5', '17001004', '折挨成', '2000-11-20', '0', '1');
INSERT INTO `db_student` VALUES ('6', '17001005', '折改何', '1998-11-25', '1', '1');
INSERT INTO `db_student` VALUES ('7', '17001006', '孙成红', '1998-01-30', '1', '1');
INSERT INTO `db_student` VALUES ('8', '17001007', '郝埃连', '2000-10-22', '0', '1');
INSERT INTO `db_student` VALUES ('9', '17001008', '丁冬芹', '2000-05-14', '1', '1');
INSERT INTO `db_student` VALUES ('10', '17001009', '孙立军', '1997-08-04', '1', '1');
INSERT INTO `db_student` VALUES ('11', '17001010', '张虎豹', '1998-09-07', '0', '1');
INSERT INTO `db_student` VALUES ('12', '17001011', '张亮', '1998-01-29', '1', '1');
INSERT INTO `db_student` VALUES ('13', '17001012', '贾大林', '1997-04-24', '0', '1');
INSERT INTO `db_student` VALUES ('14', '17001013', '王璐', '1998-01-21', '1', '1');
INSERT INTO `db_student` VALUES ('15', '17001014', '郑成枝', '1998-11-13', '1', '1');
INSERT INTO `db_student` VALUES ('16', '17001015', '张国厚', '1999-08-30', '1', '1');
INSERT INTO `db_student` VALUES ('17', '17001016', '杨福林', '2000-04-06', '1', '1');
INSERT INTO `db_student` VALUES ('18', '17001017', '马果树', '1999-05-30', '1', '1');
INSERT INTO `db_student` VALUES ('19', '17001018', '刘埃牛', '1999-01-15', '0', '1');
INSERT INTO `db_student` VALUES ('20', '17001019', '杨万富', '2000-10-04', '1', '1');
INSERT INTO `db_student` VALUES ('21', '17001020', '郭二旦', '1998-12-08', '1', '1');
INSERT INTO `db_student` VALUES ('22', '17001021', '马占云', '1999-09-06', '2', '1');
INSERT INTO `db_student` VALUES ('23', '17001022', '石玉兰', '1998-06-21', '0', '1');
INSERT INTO `db_student` VALUES ('24', '17001023', '尚文清', '1997-10-11', '1', '1');
INSERT INTO `db_student` VALUES ('25', '17001024', '杨平', '2000-08-27', '1', '1');
INSERT INTO `db_student` VALUES ('26', '17001025', '杨海清', '1997-11-21', '0', '1');
INSERT INTO `db_student` VALUES ('27', '17001026', '王越建', '1999-11-17', '1', '1');
INSERT INTO `db_student` VALUES ('28', '17001027', '王利祥', '1999-02-07', '0', '1');
INSERT INTO `db_student` VALUES ('29', '17001028', '王飞云', '2000-11-09', '1', '1');
INSERT INTO `db_student` VALUES ('30', '17001029', '王银喜', '1999-02-05', '1', '1');
INSERT INTO `db_student` VALUES ('31', '17001030', '王树林', '1997-12-02', '0', '1');
INSERT INTO `db_student` VALUES ('32', '17001031', '贾飞世', '1998-06-23', '1', '1');
INSERT INTO `db_student` VALUES ('33', '17001032', '贾埃罗', '1999-01-07', '1', '1');
INSERT INTO `db_student` VALUES ('34', '17001033', '贾永世', '1998-07-02', '0', '1');
INSERT INTO `db_student` VALUES ('35', '17001034', '贾伟刚', '1997-06-16', '1', '1');
INSERT INTO `db_student` VALUES ('36', '17001035', '贾虎世', '1998-01-16', '0', '1');
INSERT INTO `db_student` VALUES ('37', '17002001', '贾熹', '1999-01-27', '1', '2');
INSERT INTO `db_student` VALUES ('38', '17002002', '贾小龙', '1997-04-06', '1', '2');
INSERT INTO `db_student` VALUES ('39', '17002003', '贾飞小', '1999-02-11', '1', '2');
INSERT INTO `db_student` VALUES ('40', '17002004', '刘埃生', '1997-07-13', '1', '2');
INSERT INTO `db_student` VALUES ('41', '17002005', '马祥', '1998-02-22', '1', '2');
INSERT INTO `db_student` VALUES ('42', '17002006', '贾桂林', '1997-09-06', '0', '2');
INSERT INTO `db_student` VALUES ('43', '17002007', '申根换', '1998-06-30', '1', '2');
INSERT INTO `db_student` VALUES ('44', '17002008', '申换换', '1997-01-29', '1', '2');
INSERT INTO `db_student` VALUES ('45', '17002009', '訾存贵', '1999-03-14', '2', '2');
INSERT INTO `db_student` VALUES ('46', '17002010', '杜喜喜', '1998-05-08', '0', '2');
INSERT INTO `db_student` VALUES ('47', '17002011', '刘满贵', '1998-04-01', '1', '2');
INSERT INTO `db_student` VALUES ('48', '17002012', '刘润生', '1999-08-08', '0', '2');
INSERT INTO `db_student` VALUES ('49', '17002013', '韩刚龙', '2000-09-16', '1', '2');
INSERT INTO `db_student` VALUES ('50', '17002014', '孙丽萍', '1997-08-01', '0', '2');
INSERT INTO `db_student` VALUES ('51', '17002015', '陈桂平', '2000-09-18', '1', '2');
INSERT INTO `db_student` VALUES ('52', '17002016', '李熙平', '2000-04-09', '1', '2');
INSERT INTO `db_student` VALUES ('53', '17002017', '董三女', '1999-01-13', '0', '2');
INSERT INTO `db_student` VALUES ('54', '17002018', '李开英', '2000-06-28', '1', '2');
INSERT INTO `db_student` VALUES ('55', '17002019', '刘再海', '1999-03-21', '1', '2');
INSERT INTO `db_student` VALUES ('56', '17002020', '康永清', '1997-03-08', '0', '2');
INSERT INTO `db_student` VALUES ('57', '17002021', '康根', '1998-12-07', '1', '2');
INSERT INTO `db_student` VALUES ('58', '17002022', '刘来有', '1999-02-26', '0', '2');
INSERT INTO `db_student` VALUES ('59', '17002023', '石双厚', '1998-07-09', '1', '2');
INSERT INTO `db_student` VALUES ('60', '17002024', '石天才', '1998-04-18', '1', '2');
INSERT INTO `db_student` VALUES ('61', '17002025', '石利军', '2000-10-23', '1', '2');
INSERT INTO `db_student` VALUES ('62', '17002026', '刘龙', '1998-09-07', '1', '2');
INSERT INTO `db_student` VALUES ('63', '17002027', '石栓成', '1997-11-17', '1', '2');
INSERT INTO `db_student` VALUES ('64', '17002028', '李二美', '1999-01-10', '0', '2');
INSERT INTO `db_student` VALUES ('65', '17002029', '辛文斌', '1997-08-14', '1', '2');
INSERT INTO `db_student` VALUES ('66', '17002030', '石根厚', '1997-04-19', '1', '2');
INSERT INTO `db_student` VALUES ('67', '17002031', '石建军', '1999-07-11', '2', '2');
INSERT INTO `db_student` VALUES ('68', '17003001', '石正厚', '1999-06-05', '0', '3');
INSERT INTO `db_student` VALUES ('69', '17003002', '刘占宽', '2000-03-09', '1', '3');
INSERT INTO `db_student` VALUES ('70', '17003003', '刘耀清', '1997-09-26', '1', '3');
INSERT INTO `db_student` VALUES ('71', '17003004', '贾六', '2000-09-02', '0', '3');
INSERT INTO `db_student` VALUES ('72', '17003005', '石俊梅', '1997-11-11', '1', '3');
INSERT INTO `db_student` VALUES ('73', '17003006', '刘飞', '1997-10-10', '0', '3');
INSERT INTO `db_student` VALUES ('74', '17003007', '刘文明', '2000-07-11', '1', '3');
INSERT INTO `db_student` VALUES ('75', '17003008', '高文利', '1997-10-05', '1', '3');
INSERT INTO `db_student` VALUES ('76', '17003009', '高四孬', '1997-05-20', '0', '3');
INSERT INTO `db_student` VALUES ('77', '17003010', '高文军', '1999-09-25', '1', '3');
INSERT INTO `db_student` VALUES ('78', '17003011', '袁富存', '2000-01-27', '1', '3');
INSERT INTO `db_student` VALUES ('79', '17003012', '尚文忠', '1998-06-13', '0', '3');
INSERT INTO `db_student` VALUES ('80', '17003013', '贾乐', '1997-01-22', '1', '3');
INSERT INTO `db_student` VALUES ('81', '17003014', '石栓柱', '1998-02-22', '0', '3');
INSERT INTO `db_student` VALUES ('82', '17003015', '李龙', '2000-06-04', '1', '3');
INSERT INTO `db_student` VALUES ('83', '17003016', '李海龙', '1997-07-20', '1', '3');
INSERT INTO `db_student` VALUES ('84', '17003017', '王露', '1998-09-14', '1', '3');
INSERT INTO `db_student` VALUES ('85', '17003018', '王桂香', '1999-08-01', '1', '3');
INSERT INTO `db_student` VALUES ('86', '17003019', '王焕树', '1997-01-21', '1', '3');
INSERT INTO `db_student` VALUES ('87', '17003020', '王二兵', '1998-09-28', '0', '3');
INSERT INTO `db_student` VALUES ('88', '17003021', '韩凤英', '2000-09-02', '1', '3');
INSERT INTO `db_student` VALUES ('89', '17003022', '王有罕', '1999-10-02', '1', '3');
INSERT INTO `db_student` VALUES ('90', '17003023', '王山崎', '1997-07-01', '2', '3');
INSERT INTO `db_student` VALUES ('91', '17003024', '杜茂仁', '1997-02-07', '0', '3');
INSERT INTO `db_student` VALUES ('92', '17003025', '刘海欢', '1998-01-26', '1', '3');
INSERT INTO `db_student` VALUES ('93', '17003026', '康桃花', '1999-11-24', '1', '3');
INSERT INTO `db_student` VALUES ('94', '17003027', '杜元晓', '2000-04-05', '0', '3');
INSERT INTO `db_student` VALUES ('95', '17003028', '张海宝', '1998-08-13', '1', '3');
INSERT INTO `db_student` VALUES ('96', '17003029', '高建明', '2000-01-26', '0', '3');
INSERT INTO `db_student` VALUES ('97', '17003030', '张飞雄', '2000-10-22', '1', '3');
INSERT INTO `db_student` VALUES ('98', '17003031', '刘御', '2000-10-13', '1', '3');
INSERT INTO `db_student` VALUES ('99', '17003032', '张润佘', '2000-04-27', '0', '3');
INSERT INTO `db_student` VALUES ('100', '17003033', '张永强', '1997-04-02', '1', '3');
INSERT INTO `db_student` VALUES ('101', '17003034', '郭三梅', '2000-08-23', '1', '3');
INSERT INTO `db_student` VALUES ('102', '17003035', '杜云', '1997-05-18', '0', '3');
INSERT INTO `db_student` VALUES ('103', '17003036', '魏红', '1999-10-07', '1', '3');
INSERT INTO `db_student` VALUES ('104', '17003037', '刘继牛', '1997-12-08', '0', '3');
INSERT INTO `db_student` VALUES ('105', '17003038', '郭武莱', '2000-08-19', '1', '3');
INSERT INTO `db_student` VALUES ('106', '17003039', '高桂清', '1999-09-26', '1', '3');
INSERT INTO `db_student` VALUES ('107', '17003040', '杜永强', '1998-12-22', '1', '3');
INSERT INTO `db_student` VALUES ('108', '17003041', '杜文渊', '1997-08-23', '1', '3');
INSERT INTO `db_student` VALUES ('109', '17003042', '高二媛', '1997-02-05', '1', '3');
INSERT INTO `db_student` VALUES ('110', '17003043', '王二锁', '1998-03-15', '0', '3');
INSERT INTO `db_student` VALUES ('111', '17003044', '王志宏', '1999-10-30', '1', '3');
INSERT INTO `db_student` VALUES ('112', '17003045', '李金云', '1998-02-27', '1', '3');
INSERT INTO `db_student` VALUES ('113', '17003046', '李欣媛', '1998-08-22', '2', '3');
INSERT INTO `db_student` VALUES ('114', '17003047', '戴双宝', '2000-05-14', '0', '3');
INSERT INTO `db_student` VALUES ('115', '17003048', '王焕锁', '1998-12-27', '1', '3');
INSERT INTO `db_student` VALUES ('116', '17003049', '孙瑞军', '2000-07-12', '1', '3');
INSERT INTO `db_student` VALUES ('117', '17003050', '石飞鹏', '1999-06-15', '0', '3');
INSERT INTO `db_student` VALUES ('118', '17003051', '石胜厚', '1998-09-14', '1', '3');
INSERT INTO `db_student` VALUES ('119', '17003052', '康振清', '1999-08-10', '0', '3');
INSERT INTO `db_student` VALUES ('120', '17003053', '王禅', '2000-03-08', '1', '3');
INSERT INTO `db_student` VALUES ('121', '17003054', '高志新', '2000-07-16', '1', '3');
INSERT INTO `db_student` VALUES ('122', '17003055', '刘飞云', '1999-06-14', '0', '3');
INSERT INTO `db_student` VALUES ('123', '17003056', '刘二', '1999-09-13', '1', '3');
INSERT INTO `db_student` VALUES ('124', '17003057', '云', '2000-04-14', '1', '3');
INSERT INTO `db_student` VALUES ('125', '17004001', '刘三正', '1999-07-06', '0', '4');
INSERT INTO `db_student` VALUES ('126', '17004002', '刘东', '1999-08-08', '1', '4');
INSERT INTO `db_student` VALUES ('127', '17004003', '刘双正', '1997-06-06', '0', '4');
INSERT INTO `db_student` VALUES ('128', '17004004', '乔银栓', '1998-06-30', '1', '4');
INSERT INTO `db_student` VALUES ('129', '17004005', '乔占宽', '1997-02-22', '1', '4');
INSERT INTO `db_student` VALUES ('130', '17004006', '乔军', '1997-09-14', '1', '4');
INSERT INTO `db_student` VALUES ('131', '17004007', '贾九', '1997-10-06', '1', '4');
INSERT INTO `db_student` VALUES ('132', '17004008', '李二明', '1999-11-10', '1', '4');
INSERT INTO `db_student` VALUES ('133', '17004009', '李顺正', '1999-02-21', '0', '4');
INSERT INTO `db_student` VALUES ('134', '17004010', '李振云', '1999-06-10', '1', '4');
INSERT INTO `db_student` VALUES ('135', '17004011', '康志强', '1998-10-09', '1', '4');
INSERT INTO `db_student` VALUES ('136', '17004012', '刘六', '2000-10-30', '2', '4');
INSERT INTO `db_student` VALUES ('137', '17004013', '刘勉励', '1997-09-24', '0', '4');
INSERT INTO `db_student` VALUES ('138', '17004014', '刘双喜', '1998-06-03', '1', '4');
INSERT INTO `db_student` VALUES ('139', '17004015', '陈自萤', '1997-06-25', '1', '4');
INSERT INTO `db_student` VALUES ('140', '17004016', '陈衍暖', '1999-06-09', '0', '4');
INSERT INTO `db_student` VALUES ('141', '17004017', '陈博朴', '2000-12-01', '1', '4');
INSERT INTO `db_student` VALUES ('142', '17004018', '陈艾惠', '1997-06-02', '0', '4');
INSERT INTO `db_student` VALUES ('143', '17004019', '陈利妮', '1997-01-25', '1', '4');
INSERT INTO `db_student` VALUES ('144', '17004020', '陈畅妮', '1999-10-30', '1', '4');
INSERT INTO `db_student` VALUES ('145', '17004021', '陈欢兆', '1997-07-19', '0', '4');
INSERT INTO `db_student` VALUES ('146', '17004022', '陈霞玻', '1998-03-26', '1', '4');
INSERT INTO `db_student` VALUES ('147', '17004023', '陈迎研', '1999-12-24', '1', '4');
INSERT INTO `db_student` VALUES ('148', '17004024', '陈蓓萤', '1999-11-13', '0', '4');
INSERT INTO `db_student` VALUES ('149', '17004025', '陈菊羽', '1998-09-26', '1', '4');
INSERT INTO `db_student` VALUES ('150', '17004026', '陈政竹', '1997-06-01', '0', '4');
INSERT INTO `db_student` VALUES ('151', '17004027', '陈韵瑄', '2000-08-16', '1', '4');
INSERT INTO `db_student` VALUES ('152', '17004028', '陈晶尚', '1999-04-13', '1', '4');
INSERT INTO `db_student` VALUES ('153', '17004029', '陈福蓓', '1998-01-15', '1', '4');
INSERT INTO `db_student` VALUES ('154', '17004030', '陈芮雪', '1997-11-12', '1', '4');
INSERT INTO `db_student` VALUES ('155', '17004031', '陈英甜', '1997-07-17', '1', '4');
INSERT INTO `db_student` VALUES ('156', '17004032', '陈露京', '1998-07-21', '0', '4');
INSERT INTO `db_student` VALUES ('157', '17004033', '陈璐荷', '2000-05-11', '1', '4');
INSERT INTO `db_student` VALUES ('158', '17004034', '陈偌禄', '2000-05-12', '1', '4');
INSERT INTO `db_student` VALUES ('159', '17004035', '郭山彤', '1998-10-06', '2', '4');
INSERT INTO `db_student` VALUES ('160', '17004036', '梁敦厦', '2000-10-06', '0', '4');
INSERT INTO `db_student` VALUES ('161', '17005001', '霍负浪', '1998-03-22', '1', '5');
INSERT INTO `db_student` VALUES ('162', '17005002', '虞信品', '1997-07-03', '0', '5');
INSERT INTO `db_student` VALUES ('163', '17005003', '马仁毅', '1999-12-01', '1', '5');
INSERT INTO `db_student` VALUES ('164', '17005004', '冯州龙', '2000-04-06', '0', '5');
INSERT INTO `db_student` VALUES ('165', '17005005', '简务帅', '2000-09-23', '1', '5');
INSERT INTO `db_student` VALUES ('166', '17005006', '黎丙赣', '1999-11-11', '1', '5');
INSERT INTO `db_student` VALUES ('167', '17005007', '谢尉争', '1998-09-11', '0', '5');
INSERT INTO `db_student` VALUES ('168', '17005008', '赵单羽', '1998-07-02', '1', '5');
INSERT INTO `db_student` VALUES ('169', '17005009', '孟航沛', '2000-08-04', '1', '5');
INSERT INTO `db_student` VALUES ('170', '17005010', '龚开梦', '1999-07-04', '0', '5');
INSERT INTO `db_student` VALUES ('171', '17005011', '黄蓝风', '1997-08-03', '1', '5');
INSERT INTO `db_student` VALUES ('172', '17005012', '易堃登', '2000-04-30', '0', '5');
INSERT INTO `db_student` VALUES ('173', '17005013', '蔡农仲', '2000-11-11', '1', '5');
INSERT INTO `db_student` VALUES ('174', '17005014', '高洪泉', '2000-10-08', '1', '5');
INSERT INTO `db_student` VALUES ('175', '17005015', '巫家昱', '1998-09-23', '1', '5');
INSERT INTO `db_student` VALUES ('176', '17005016', '赵道霄', '1999-01-10', '1', '5');
INSERT INTO `db_student` VALUES ('177', '17005017', '章学共', '1998-01-27', '1', '5');
INSERT INTO `db_student` VALUES ('178', '17005018', '乐武亮', '1999-03-16', '0', '5');
INSERT INTO `db_student` VALUES ('179', '17005019', '费宜鸿', '1997-06-14', '1', '5');
INSERT INTO `db_student` VALUES ('180', '17005020', '张津广', '1997-01-21', '1', '5');
INSERT INTO `db_student` VALUES ('181', '17005021', '梁胤鸣', '1999-10-25', '2', '5');
INSERT INTO `db_student` VALUES ('182', '17005022', '吕聪', '1997-05-18', '0', '5');
INSERT INTO `db_student` VALUES ('183', '17005023', '蒋进如', '2000-02-20', '1', '5');
INSERT INTO `db_student` VALUES ('184', '17005024', '林豪谱', '1997-10-11', '1', '5');
INSERT INTO `db_student` VALUES ('185', '17005025', '孙剑佛', '2000-08-08', '0', '5');
INSERT INTO `db_student` VALUES ('186', '17005026', '魏成贯', '1998-02-10', '1', '5');
INSERT INTO `db_student` VALUES ('187', '17005027', '卫耿羿', '1998-12-30', '0', '5');
INSERT INTO `db_student` VALUES ('188', '17005028', '谢协湃', '1998-01-30', '1', '5');
INSERT INTO `db_student` VALUES ('189', '17005029', '岑刚飘', '1999-11-06', '1', '5');
INSERT INTO `db_student` VALUES ('190', '17005030', '吴资龙', '1997-11-10', '0', '5');
INSERT INTO `db_student` VALUES ('191', '17005031', '陈仓翼', '1998-08-17', '1', '5');
INSERT INTO `db_student` VALUES ('192', '17005032', '刘枝迟', '1999-05-11', '1', '5');
INSERT INTO `db_student` VALUES ('193', '17005033', '尤帅齐', '2000-11-09', '0', '5');
INSERT INTO `db_student` VALUES ('194', '17005034', '孙彩武', '1999-07-02', '1', '5');
INSERT INTO `db_student` VALUES ('195', '17005035', '陈莉汐', '1999-12-10', '0', '5');
INSERT INTO `db_student` VALUES ('196', '17005036', '程欢亭', '1997-06-15', '1', '5');
INSERT INTO `db_student` VALUES ('197', '17006001', '邬肖任', '1998-07-14', '1', '6');
INSERT INTO `db_student` VALUES ('198', '17006002', '尤政航', '1999-09-09', '1', '6');
INSERT INTO `db_student` VALUES ('199', '17006003', '颜东鑫', '1999-11-04', '1', '6');
INSERT INTO `db_student` VALUES ('200', '17006004', '欧有皆', '1997-01-30', '1', '6');
INSERT INTO `db_student` VALUES ('201', '17006005', '高季晨', '2000-03-22', '0', '6');
INSERT INTO `db_student` VALUES ('202', '17006006', '孙奎汝', '1997-03-28', '1', '6');
INSERT INTO `db_student` VALUES ('203', '17006007', '龚韶釜', '1997-02-11', '1', '6');
INSERT INTO `db_student` VALUES ('204', '17006008', '费汐家', '1998-03-27', '2', '6');
INSERT INTO `db_student` VALUES ('205', '17006009', '钱铮友', '2000-10-06', '0', '6');
INSERT INTO `db_student` VALUES ('206', '17006010', '沈锵良', '1997-10-10', '1', '6');
INSERT INTO `db_student` VALUES ('207', '17006011', '傅利', '2000-11-07', '1', '6');
INSERT INTO `db_student` VALUES ('208', '17006012', '雷友水', '1999-02-26', '0', '6');
INSERT INTO `db_student` VALUES ('209', '17006013', '庄蒙少', '1997-03-26', '1', '6');
INSERT INTO `db_student` VALUES ('210', '17006014', '陈茗卓', '2000-05-21', '0', '6');
INSERT INTO `db_student` VALUES ('211', '17006015', '梁兴力', '1999-05-09', '1', '6');
INSERT INTO `db_student` VALUES ('212', '17006016', '欧谱班', '2000-05-05', '1', '6');
INSERT INTO `db_student` VALUES ('213', '17006017', '史霄灼', '1999-10-04', '0', '6');
INSERT INTO `db_student` VALUES ('214', '17006018', '柳庭沛', '1998-01-10', '1', '6');
INSERT INTO `db_student` VALUES ('215', '17006019', '宁儒熙', '1998-01-26', '1', '6');
INSERT INTO `db_student` VALUES ('216', '17006020', '吴越潇', '1997-07-15', '0', '6');
INSERT INTO `db_student` VALUES ('217', '17006021', '刘中舟', '1999-09-25', '1', '6');
INSERT INTO `db_student` VALUES ('218', '17006022', '曹讯波', '2000-06-30', '0', '6');
INSERT INTO `db_student` VALUES ('219', '17006023', '王封安', '2000-09-12', '1', '6');
INSERT INTO `db_student` VALUES ('220', '17006024', '石和革', '2000-01-16', '1', '6');
INSERT INTO `db_student` VALUES ('221', '17006025', '任康焕', '1999-12-17', '1', '6');
INSERT INTO `db_student` VALUES ('222', '17006026', '危眺沃', '1998-10-13', '1', '6');
INSERT INTO `db_student` VALUES ('223', '17006027', '池湃邦', '1999-09-27', '1', '6');
INSERT INTO `db_student` VALUES ('224', '17006028', '车杜炯', '1998-06-16', '0', '6');
INSERT INTO `db_student` VALUES ('225', '17006029', '黎宇澄', '1999-06-03', '1', '6');
INSERT INTO `db_student` VALUES ('226', '17006030', '符彬政', '1999-12-23', '1', '6');
INSERT INTO `db_student` VALUES ('227', '17006031', '刘尉', '1999-04-18', '2', '6');
INSERT INTO `db_student` VALUES ('228', '17006032', '钟召云', '2000-07-14', '0', '6');
INSERT INTO `db_student` VALUES ('229', '17006033', '王颢锵', '2000-07-23', '1', '6');
INSERT INTO `db_student` VALUES ('230', '17006034', '简邦余', '2000-01-08', '1', '6');
INSERT INTO `db_student` VALUES ('231', '17006035', '云羿谆', '1997-10-02', '0', '6');
INSERT INTO `db_student` VALUES ('232', '17006036', '云悠洋', '1997-08-19', '1', '6');
INSERT INTO `db_student` VALUES ('233', '17006037', '穆影焱', '1997-04-02', '0', '6');
INSERT INTO `db_student` VALUES ('234', '17007001', '龙绍焱', '2000-03-10', '1', '7');
INSERT INTO `db_student` VALUES ('235', '17007002', '胡睿', '2000-03-18', '1', '7');
INSERT INTO `db_student` VALUES ('236', '17007003', '岳叔华', '1999-08-30', '0', '7');
INSERT INTO `db_student` VALUES ('237', '17007004', '路留时', '1999-10-22', '1', '7');
INSERT INTO `db_student` VALUES ('238', '17007005', '尤介辉', '2000-07-20', '1', '7');
INSERT INTO `db_student` VALUES ('239', '17007006', '周谷佟', '1999-04-24', '0', '7');
INSERT INTO `db_student` VALUES ('240', '17007007', '林文冲', '1998-12-08', '1', '7');
INSERT INTO `db_student` VALUES ('241', '17007008', '丁倍卫', '1999-07-12', '0', '7');
INSERT INTO `db_student` VALUES ('242', '17007009', '秦树琪', '1998-09-12', '1', '7');
INSERT INTO `db_student` VALUES ('243', '17007010', '卢邦楠', '1998-04-02', '1', '7');
INSERT INTO `db_student` VALUES ('244', '17007011', '张枫震', '1999-08-25', '1', '7');
INSERT INTO `db_student` VALUES ('245', '17007012', '赵勋吟', '1998-02-10', '1', '7');
INSERT INTO `db_student` VALUES ('246', '17007013', '姬霏', '1998-01-05', '1', '7');
INSERT INTO `db_student` VALUES ('247', '17007014', '梁汐季', '1997-02-17', '0', '7');
INSERT INTO `db_student` VALUES ('248', '17007015', '张广房', '1998-11-25', '1', '7');
INSERT INTO `db_student` VALUES ('249', '17007016', '岑誉胜', '1997-01-18', '1', '7');
INSERT INTO `db_student` VALUES ('250', '17007017', '雷亚思', '1999-11-04', '2', '7');
INSERT INTO `db_student` VALUES ('251', '17007018', '梁尉寒', '1999-01-23', '0', '7');
INSERT INTO `db_student` VALUES ('252', '17007019', '王悟营', '1999-11-18', '1', '7');
INSERT INTO `db_student` VALUES ('253', '17007020', '韦鲁郎', '1999-04-12', '1', '7');
INSERT INTO `db_student` VALUES ('254', '17007021', '蔡粮鲜', '1998-11-04', '0', '7');
INSERT INTO `db_student` VALUES ('255', '17007022', '李具匡', '1997-04-12', '1', '7');
INSERT INTO `db_student` VALUES ('256', '17007023', '何望', '1998-11-22', '0', '7');
INSERT INTO `db_student` VALUES ('257', '17007024', '谭满铿', '2000-11-27', '1', '7');
INSERT INTO `db_student` VALUES ('258', '17007025', '穆漂徽', '1998-11-06', '1', '7');
INSERT INTO `db_student` VALUES ('259', '17007026', '卫、荷', '1997-07-03', '0', '7');
INSERT INTO `db_student` VALUES ('260', '17007027', '夏落兴', '1999-03-25', '1', '7');
INSERT INTO `db_student` VALUES ('261', '17007028', '甘风力', '1997-12-18', '1', '7');
INSERT INTO `db_student` VALUES ('262', '17007029', '吴军卓', '1998-05-20', '0', '7');
INSERT INTO `db_student` VALUES ('263', '17007030', '谭灶声', '1997-08-05', '1', '7');
INSERT INTO `db_student` VALUES ('264', '17007031', '许欣英', '2000-06-11', '0', '7');
INSERT INTO `db_student` VALUES ('265', '17007032', '穆中管', '1998-08-09', '1', '7');
INSERT INTO `db_student` VALUES ('266', '17007033', '武邦致', '1997-12-05', '1', '7');
INSERT INTO `db_student` VALUES ('267', '17007034', '谢雄民', '1997-07-16', '1', '7');
INSERT INTO `db_student` VALUES ('268', '17007035', '钱锦宏', '2000-09-08', '1', '7');
INSERT INTO `db_student` VALUES ('269', '17007036', '云凌可', '1999-10-04', '1', '7');
INSERT INTO `db_student` VALUES ('270', '17008001', '郎朝剑', '1997-02-09', '0', '8');
INSERT INTO `db_student` VALUES ('271', '17008002', '余梦茂', '2000-04-24', '1', '8');
INSERT INTO `db_student` VALUES ('272', '17008003', '凌瑛昼', '1998-08-13', '1', '8');
INSERT INTO `db_student` VALUES ('273', '17008004', '吕映冉', '1999-08-04', '2', '8');
INSERT INTO `db_student` VALUES ('274', '17008005', '涂翰毅', '1999-02-23', '0', '8');
INSERT INTO `db_student` VALUES ('275', '17008006', '魏争博', '1998-08-16', '1', '8');
INSERT INTO `db_student` VALUES ('276', '17008007', '周放大', '1998-07-17', '0', '8');
INSERT INTO `db_student` VALUES ('277', '17008008', '凌松帆', '1999-12-08', '1', '8');
INSERT INTO `db_student` VALUES ('278', '17008009', '文驹治', '1999-10-12', '0', '8');
INSERT INTO `db_student` VALUES ('279', '17008010', '柯独杜', '2000-06-19', '1', '8');
INSERT INTO `db_student` VALUES ('280', '17008011', '李锐汉', '1997-01-26', '1', '8');
INSERT INTO `db_student` VALUES ('281', '17008012', '严锋滕', '1997-12-06', '0', '8');
INSERT INTO `db_student` VALUES ('282', '17008013', '李恩妙', '2000-09-11', '1', '8');
INSERT INTO `db_student` VALUES ('283', '17008014', '元骞振', '1997-01-24', '1', '8');
INSERT INTO `db_student` VALUES ('284', '17008015', '杨舟察', '2000-10-08', '0', '8');
INSERT INTO `db_student` VALUES ('285', '17008016', '连解淦', '1997-04-11', '1', '8');
INSERT INTO `db_student` VALUES ('286', '17008017', '黎舒旺', '1998-06-09', '0', '8');
INSERT INTO `db_student` VALUES ('287', '17008018', '张豆焕', '1997-01-18', '1', '8');
INSERT INTO `db_student` VALUES ('288', '17008019', '卢帆新', '1998-05-12', '1', '8');
INSERT INTO `db_student` VALUES ('289', '17008020', '华章滕', '1998-03-06', '1', '8');
INSERT INTO `db_student` VALUES ('290', '17008021', '林包显', '2000-06-26', '1', '8');
INSERT INTO `db_student` VALUES ('291', '17008022', '于泰哲', '2000-01-18', '1', '8');
INSERT INTO `db_student` VALUES ('292', '17008023', '盛枫瑾', '1998-01-22', '0', '8');
INSERT INTO `db_student` VALUES ('293', '17008024', '侯善稚', '1999-01-14', '1', '8');
INSERT INTO `db_student` VALUES ('294', '17008025', '薛敬文', '1997-03-04', '1', '8');
INSERT INTO `db_student` VALUES ('295', '17008026', '文子隐', '1999-12-20', '2', '8');
INSERT INTO `db_student` VALUES ('296', '17008027', '俞贡延', '1997-06-05', '0', '8');
INSERT INTO `db_student` VALUES ('297', '17008028', '韦烽凌', '1998-06-23', '1', '8');
INSERT INTO `db_student` VALUES ('298', '17008029', '关戚栾', '2000-03-27', '1', '8');
INSERT INTO `db_student` VALUES ('299', '17008030', '袁修纯', '1997-09-18', '0', '8');
INSERT INTO `db_student` VALUES ('300', '17008031', '柯河舍', '2000-05-29', '1', '8');
INSERT INTO `db_student` VALUES ('301', '17008032', '郭俊立', '1998-03-04', '0', '8');
INSERT INTO `db_student` VALUES ('302', '17008033', '岑希伙', '1996-06-27', '1', '8');
INSERT INTO `db_student` VALUES ('303', '17008034', '樊辰博', '1997-12-02', '1', '8');
INSERT INTO `db_student` VALUES ('304', '17008035', '古驰', '1997-12-11', '0', '8');
INSERT INTO `db_student` VALUES ('305', '17008036', '夏思徽', '1996-09-04', '1', '8');
INSERT INTO `db_student` VALUES ('306', '17009001', '陶旭笙', '1998-08-30', '1', '9');
INSERT INTO `db_student` VALUES ('307', '17009002', '张准辰', '1997-09-09', '0', '9');
INSERT INTO `db_student` VALUES ('308', '17009003', '邢编', '1998-07-01', '1', '9');
INSERT INTO `db_student` VALUES ('309', '17009004', '李灵黛', '1996-06-08', '0', '9');
INSERT INTO `db_student` VALUES ('310', '17009005', '冷文卿', '1997-01-05', '1', '9');
INSERT INTO `db_student` VALUES ('311', '17009006', '阴露萍', '1998-10-09', '1', '9');
INSERT INTO `db_student` VALUES ('312', '17009007', '柳兰歌', '1998-06-16', '1', '9');
INSERT INTO `db_student` VALUES ('313', '17009008', '秦水支', '1998-09-03', '1', '9');
INSERT INTO `db_student` VALUES ('314', '17009009', '李念儿', '1998-02-21', '1', '9');
INSERT INTO `db_student` VALUES ('315', '17009010', '文彩依', '1997-09-28', '0', '9');
INSERT INTO `db_student` VALUES ('316', '17009011', '柳婵诗', '1996-06-11', '1', '9');
INSERT INTO `db_student` VALUES ('317', '17009012', '顾莫言', '1996-03-25', '1', '9');
INSERT INTO `db_student` VALUES ('318', '17009013', '任水寒', '1996-04-07', '2', '9');
INSERT INTO `db_student` VALUES ('319', '17009014', '金磨针', '1996-06-06', '0', '9');
INSERT INTO `db_student` VALUES ('320', '17009015', '丁玲珑', '1997-06-25', '1', '9');
INSERT INTO `db_student` VALUES ('321', '17009016', '凌霜华', '1998-03-16', '1', '9');
INSERT INTO `db_student` VALUES ('322', '17009017', '水笙', '1998-07-16', '0', '9');
INSERT INTO `db_student` VALUES ('323', '17009018', '景茵梦', '1996-05-04', '1', '9');
INSERT INTO `db_student` VALUES ('324', '17009019', '容柒雁', '1997-05-27', '0', '9');
INSERT INTO `db_student` VALUES ('325', '17010001', '林墨瞳', '1996-08-13', '1', '10');
INSERT INTO `db_student` VALUES ('326', '17010002', '华诗', '1996-08-15', '1', '10');
INSERT INTO `db_student` VALUES ('327', '17010003', '千湄', '1997-09-27', '0', '10');
INSERT INTO `db_student` VALUES ('328', '17010004', '剑舞', '1997-08-09', '1', '10');
INSERT INTO `db_student` VALUES ('329', '17010005', '兰陵', '1998-07-03', '1', '10');
INSERT INTO `db_student` VALUES ('330', '17010006', '洛离', '1998-08-10', '0', '10');
INSERT INTO `db_student` VALUES ('331', '17010007', '韩千叶', '1998-02-07', '1', '10');
INSERT INTO `db_student` VALUES ('332', '17010008', '柳辰飞', '1996-05-19', '0', '10');
INSERT INTO `db_student` VALUES ('333', '17010009', '夏舒征', '1996-01-29', '1', '10');
INSERT INTO `db_student` VALUES ('334', '17010010', '慕容冲', '1997-11-02', '1', '10');
INSERT INTO `db_student` VALUES ('335', '17010011', '萧合凰', '1998-07-04', '1', '10');
INSERT INTO `db_student` VALUES ('336', '17010012', '阮停', '1997-04-04', '1', '10');
INSERT INTO `db_student` VALUES ('337', '17010013', '西粼宿', '1996-11-22', '1', '10');
INSERT INTO `db_student` VALUES ('338', '17010014', '孙祈钒', '1996-07-14', '0', '10');
INSERT INTO `db_student` VALUES ('339', '17010015', '狄云', '1996-03-13', '1', '10');
INSERT INTO `db_student` VALUES ('340', '17010016', '丁典', '1997-08-09', '1', '10');
INSERT INTO `db_student` VALUES ('341', '17010017', '花错', '1998-10-22', '2', '10');
INSERT INTO `db_student` VALUES ('342', '17010018', '顾西风', '1996-06-07', '0', '10');
INSERT INTO `db_student` VALUES ('343', '17010019', '统月', '1997-11-30', '1', '10');
INSERT INTO `db_student` VALUES ('344', '17010020', '苏普', '1998-01-12', '1', '10');
INSERT INTO `db_student` VALUES ('345', '17010021', '江城子', '1998-01-22', '0', '10');
INSERT INTO `db_student` VALUES ('346', '17010022', '柳长街', '1997-09-12', '1', '10');
INSERT INTO `db_student` VALUES ('347', '17010023', '韦好客', '1996-01-11', '0', '10');
INSERT INTO `db_student` VALUES ('348', '17010024', '袁冠南', '1996-04-08', '1', '10');
INSERT INTO `db_student` VALUES ('349', '17010025', '燕七', '1996-11-28', '1', '10');
INSERT INTO `db_student` VALUES ('350', '17010026', '金不换', '1996-09-23', '0', '10');
INSERT INTO `db_student` VALUES ('351', '17010027', '李芷幼', '1997-07-07', '1', '10');
INSERT INTO `db_student` VALUES ('352', '17010028', '李永杰', '1997-03-06', '1', '10');
INSERT INTO `db_student` VALUES ('353', '17010029', '李海珂', '1996-11-01', '0', '10');
INSERT INTO `db_student` VALUES ('354', '17010030', '李扬', '1996-05-26', '1', '10');
INSERT INTO `db_student` VALUES ('355', '17010031', '李荣富', '1996-08-16', '0', '10');
INSERT INTO `db_student` VALUES ('356', '17010032', '李春光', '1996-06-23', '1', '10');
INSERT INTO `db_student` VALUES ('357', '17010033', '李柔淳', '1996-10-21', '1', '10');
INSERT INTO `db_student` VALUES ('358', '17010034', '李豪', '1996-01-20', '1', '10');
INSERT INTO `db_student` VALUES ('359', '17010035', '李胜发', '1996-05-07', '1', '10');
INSERT INTO `db_student` VALUES ('360', '17010036', '李文龙', '1996-02-09', '1', '10');
INSERT INTO `db_student` VALUES ('361', '17010037', '李美金', '1998-08-31', '0', '10');
INSERT INTO `db_student` VALUES ('362', '17010038', '李江雄', '1996-01-25', '1', '10');
INSERT INTO `db_student` VALUES ('363', '17010039', '李晟闻', '1997-07-27', '1', '10');
INSERT INTO `db_student` VALUES ('364', '17010040', '李沁言', '1998-05-03', '2', '10');
INSERT INTO `db_student` VALUES ('365', '17010041', '李时泓', '1998-11-16', '0', '10');
INSERT INTO `db_student` VALUES ('366', '17010042', '李锦泓', '1998-02-02', '1', '10');
INSERT INTO `db_student` VALUES ('367', '17010043', '李亿春', '1997-05-08', '1', '10');
INSERT INTO `db_student` VALUES ('368', '17010044', '李国榕', '1996-03-05', '0', '10');
INSERT INTO `db_student` VALUES ('369', '17010045', '李嘉芮', '1996-03-10', '1', '10');
INSERT INTO `db_student` VALUES ('370', '17010046', '李磊', '1996-07-31', '0', '10');
INSERT INTO `db_student` VALUES ('371', '17010047', '李晓萱', '1996-01-15', '1', '10');
INSERT INTO `db_student` VALUES ('372', '17010048', '李一兆', '1996-07-29', '1', '10');
INSERT INTO `db_student` VALUES ('373', '17010049', '李晓慧', '1997-01-03', '0', '10');
INSERT INTO `db_student` VALUES ('374', '17010050', '李荣羊', '1998-01-19', '1', '10');
INSERT INTO `db_student` VALUES ('375', '17010051', '李子扬', '1996-02-25', '1', '10');
INSERT INTO `db_student` VALUES ('376', '17010052', '李琢玛', '1997-03-03', '0', '10');
INSERT INTO `db_student` VALUES ('377', '17010053', '李明河', '1996-05-12', '1', '10');
INSERT INTO `db_student` VALUES ('378', '17010054', '李鸣唯', '1997-11-26', '0', '10');
INSERT INTO `db_student` VALUES ('379', '17011001', '李振懿', '1997-12-24', '1', '11');
INSERT INTO `db_student` VALUES ('380', '17011002', '李宜', '1996-08-31', '1', '11');
INSERT INTO `db_student` VALUES ('381', '17011003', '李壹', '1997-03-18', '1', '11');
INSERT INTO `db_student` VALUES ('382', '17011004', '李锦', '1997-10-07', '1', '11');
INSERT INTO `db_student` VALUES ('383', '17011005', '李立厦', '1997-11-11', '1', '11');
INSERT INTO `db_student` VALUES ('384', '17011006', '李婴', '1996-08-10', '0', '11');
INSERT INTO `db_student` VALUES ('385', '17011007', '李骏杰', '1998-10-12', '1', '11');
INSERT INTO `db_student` VALUES ('386', '17011008', '李鲒凇', '1997-08-25', '1', '11');
INSERT INTO `db_student` VALUES ('387', '17011009', '李尚禅', '1997-07-23', '2', '11');
INSERT INTO `db_student` VALUES ('388', '17011010', '李正哲', '1996-04-28', '0', '11');
INSERT INTO `db_student` VALUES ('389', '17011011', '李玉华', '1996-01-02', '1', '11');
INSERT INTO `db_student` VALUES ('390', '17011012', '李潇赛', '1997-06-05', '0', '11');
INSERT INTO `db_student` VALUES ('391', '17011013', '李佳俊', '1998-11-02', '1', '11');
INSERT INTO `db_student` VALUES ('392', '17011014', '李瀚宏', '1997-06-17', '0', '11');
INSERT INTO `db_student` VALUES ('393', '17011015', '李磬', '1996-09-04', '1', '11');
INSERT INTO `db_student` VALUES ('394', '17011016', '李岳霖', '1997-04-03', '1', '11');
INSERT INTO `db_student` VALUES ('395', '17011017', '李宜丰', '1996-02-18', '0', '11');
INSERT INTO `db_student` VALUES ('396', '17011018', '李宾兵', '1996-11-21', '1', '11');
INSERT INTO `db_student` VALUES ('397', '17011019', '李韵声', '1998-09-25', '1', '11');
INSERT INTO `db_student` VALUES ('398', '17011020', '李翌雯', '1997-06-12', '0', '11');
INSERT INTO `db_student` VALUES ('399', '17011021', '李雯菁', '1998-06-20', '1', '11');
INSERT INTO `db_student` VALUES ('400', '17011022', '李伊超', '1997-06-05', '0', '11');
INSERT INTO `db_student` VALUES ('401', '17011023', '李佳杉', '1996-03-20', '1', '11');
INSERT INTO `db_student` VALUES ('402', '17011024', '李铮兴', '1996-10-07', '1', '11');
INSERT INTO `db_student` VALUES ('403', '17011025', '李杰一', '1996-04-26', '1', '11');
INSERT INTO `db_student` VALUES ('404', '17011026', '李天韵', '1997-12-09', '1', '11');
INSERT INTO `db_student` VALUES ('405', '17011027', '李见宸', '1996-08-28', '1', '11');
INSERT INTO `db_student` VALUES ('406', '17011028', '李文昊', '1997-09-30', '0', '11');
INSERT INTO `db_student` VALUES ('407', '17011029', '李冠哲', '1997-10-31', '1', '11');
INSERT INTO `db_student` VALUES ('408', '17011030', '李俊涛', '1997-02-25', '1', '11');
INSERT INTO `db_student` VALUES ('409', '17011031', '李月秀', '1998-09-28', '2', '11');
INSERT INTO `db_student` VALUES ('410', '17011032', '李馨逸', '1998-07-15', '0', '11');
INSERT INTO `db_student` VALUES ('411', '17011033', '李子旋', '1998-11-12', '1', '11');
INSERT INTO `db_student` VALUES ('412', '17011034', '李周来', '1998-05-01', '1', '11');
INSERT INTO `db_student` VALUES ('413', '17011035', '李俊豪', '1996-11-05', '0', '11');
INSERT INTO `db_student` VALUES ('414', '17011036', '李芸瑞', '1998-07-14', '1', '11');
INSERT INTO `db_student` VALUES ('415', '17012001', '李毓蕾', '1998-03-14', '0', '12');
INSERT INTO `db_student` VALUES ('416', '17012002', '李圊', '1996-10-11', '1', '12');
INSERT INTO `db_student` VALUES ('417', '17012003', '李颖恺', '1996-08-18', '1', '12');
INSERT INTO `db_student` VALUES ('418', '17012004', '李晓晨', '1996-01-19', '0', '12');
INSERT INTO `db_student` VALUES ('419', '17012005', '李一兵', '1998-05-16', '1', '12');
INSERT INTO `db_student` VALUES ('420', '17012006', '李广杰', '1998-12-05', '1', '12');
INSERT INTO `db_student` VALUES ('421', '17012007', '李昕洲', '1997-09-10', '0', '12');
INSERT INTO `db_student` VALUES ('422', '17012008', '李石', '1996-06-05', '1', '12');
INSERT INTO `db_student` VALUES ('423', '17012009', '李琪珊', '1996-09-27', '0', '12');
INSERT INTO `db_student` VALUES ('424', '17012010', '李弋凡', '1998-09-06', '1', '12');
INSERT INTO `db_student` VALUES ('425', '17012011', '李复隆', '1997-03-21', '1', '12');
INSERT INTO `db_student` VALUES ('426', '17012012', '李潮歌', '1997-07-24', '1', '12');
INSERT INTO `db_student` VALUES ('427', '17012013', '李子傲', '1996-07-08', '1', '12');
INSERT INTO `db_student` VALUES ('428', '17012014', '李泽年', '1997-10-29', '1', '12');
INSERT INTO `db_student` VALUES ('429', '17012015', '李若涵', '1998-12-04', '0', '12');
INSERT INTO `db_student` VALUES ('430', '17012016', '李柳蕾', '1996-04-05', '1', '12');
INSERT INTO `db_student` VALUES ('431', '17012017', '李若苒', '1997-09-10', '1', '12');
INSERT INTO `db_student` VALUES ('432', '17012018', '李文祺', '1998-11-17', '2', '12');
INSERT INTO `db_student` VALUES ('433', '17012019', '李庆达', '1997-08-01', '0', '12');
INSERT INTO `db_student` VALUES ('434', '17012020', '李姝萱', '1997-10-17', '1', '12');
INSERT INTO `db_student` VALUES ('435', '17012021', '李珏贝', '1998-09-18', '1', '12');
INSERT INTO `db_student` VALUES ('436', '17012022', '李飞', '1997-05-20', '0', '12');
INSERT INTO `db_student` VALUES ('437', '17012023', '李陈', '1996-08-21', '1', '12');
INSERT INTO `db_student` VALUES ('438', '17012024', '李茂莲', '1997-12-03', '0', '12');
INSERT INTO `db_student` VALUES ('439', '17012025', '李梓豪', '1996-12-15', '1', '12');
INSERT INTO `db_student` VALUES ('440', '17012026', '李昶斌', '1996-03-23', '1', '12');
INSERT INTO `db_student` VALUES ('441', '17012027', '李洪宇', '1996-02-04', '0', '12');
INSERT INTO `db_student` VALUES ('442', '17012028', '李宇坤', '1996-01-23', '1', '12');
INSERT INTO `db_student` VALUES ('443', '17012029', '李正', '1998-02-19', '1', '12');
INSERT INTO `db_student` VALUES ('444', '17012030', '李健雄', '1997-11-13', '0', '12');
INSERT INTO `db_student` VALUES ('445', '17012031', '李小帆', '1998-07-13', '1', '12');
INSERT INTO `db_student` VALUES ('446', '17012032', '李一诺', '1996-07-29', '0', '12');
INSERT INTO `db_student` VALUES ('447', '17012033', '李沐风', '1996-10-06', '1', '12');
INSERT INTO `db_student` VALUES ('448', '17012034', '李匀', '1996-05-15', '1', '12');
INSERT INTO `db_student` VALUES ('449', '17012035', '李秀敏', '1998-08-20', '1', '12');
INSERT INTO `db_student` VALUES ('450', '17012036', '李栋梁', '1996-09-09', '1', '12');
INSERT INTO `db_student` VALUES ('451', '17012037', '李守敬', '1997-08-18', '1', '12');
INSERT INTO `db_student` VALUES ('452', '17013001', '李珍峥', '1996-08-18', '0', '13');
INSERT INTO `db_student` VALUES ('453', '17013002', '李俞钟', '1996-12-12', '1', '13');
INSERT INTO `db_student` VALUES ('454', '17013003', '李逸诚', '1997-11-11', '1', '13');
INSERT INTO `db_student` VALUES ('455', '17013004', '李曦庭', '1998-03-27', '2', '13');
INSERT INTO `db_student` VALUES ('456', '17013005', '李子曙', '1998-08-21', '0', '13');
INSERT INTO `db_student` VALUES ('457', '17013006', '李旭', '1996-11-14', '1', '13');
INSERT INTO `db_student` VALUES ('458', '17013007', '李家静', '1997-04-18', '1', '13');
INSERT INTO `db_student` VALUES ('459', '17013008', '李会欣', '1997-11-11', '0', '13');
INSERT INTO `db_student` VALUES ('460', '17013009', '李继涿', '1998-11-09', '1', '13');
INSERT INTO `db_student` VALUES ('461', '17013010', '李方蕤', '1998-02-16', '0', '13');
INSERT INTO `db_student` VALUES ('462', '17013011', '李诺轩', '1996-05-19', '1', '13');
INSERT INTO `db_student` VALUES ('463', '17013012', '李靖凯', '1997-10-15', '1', '13');
INSERT INTO `db_student` VALUES ('464', '17013013', '李博', '1998-08-28', '0', '13');
INSERT INTO `db_student` VALUES ('465', '17013014', '李焓宇', '1997-12-12', '1', '13');
INSERT INTO `db_student` VALUES ('466', '17013015', '李麟斯', '1998-09-19', '1', '13');
INSERT INTO `db_student` VALUES ('467', '17013016', '李疆苹', '1997-10-12', '0', '13');
INSERT INTO `db_student` VALUES ('468', '17013017', '李靖宸', '1996-10-21', '1', '13');
INSERT INTO `db_student` VALUES ('469', '17013018', '李红军', '1997-05-03', '0', '13');
INSERT INTO `db_student` VALUES ('470', '17013019', '李野', '1997-02-15', '1', '13');
INSERT INTO `db_student` VALUES ('471', '17013020', '李志民', '1997-11-26', '1', '13');
INSERT INTO `db_student` VALUES ('472', '17013021', '李瑞康', '1998-03-17', '1', '13');
INSERT INTO `db_student` VALUES ('473', '17013022', '李明家', '1998-06-30', '1', '13');
INSERT INTO `db_student` VALUES ('474', '17013023', '李志湘', '1997-11-07', '1', '13');
INSERT INTO `db_student` VALUES ('475', '17013024', '李思源', '1997-09-15', '0', '13');
INSERT INTO `db_student` VALUES ('476', '17013025', '李明润', '1998-03-26', '1', '13');
INSERT INTO `db_student` VALUES ('477', '17013026', '李麒', '1997-08-30', '1', '13');
INSERT INTO `db_student` VALUES ('478', '17013027', '李子胡', '1996-06-28', '2', '13');
INSERT INTO `db_student` VALUES ('479', '17013028', '李洪斌', '1996-08-31', '0', '13');
INSERT INTO `db_student` VALUES ('480', '17013029', '李洪洋', '1997-04-08', '1', '13');
INSERT INTO `db_student` VALUES ('481', '17013030', '李彦成', '1998-10-21', '1', '13');
INSERT INTO `db_student` VALUES ('482', '17013031', '李阳', '1997-11-06', '0', '13');
INSERT INTO `db_student` VALUES ('483', '17013032', '李缬呓', '1997-04-27', '1', '13');
INSERT INTO `db_student` VALUES ('484', '17013033', '李维洲', '1998-07-21', '0', '13');
INSERT INTO `db_student` VALUES ('485', '17013034', '李林松', '1996-04-01', '1', '13');
INSERT INTO `db_student` VALUES ('486', '17013035', '李皓圳', '1996-06-19', '1', '13');
INSERT INTO `db_student` VALUES ('487', '17013036', '李俐', '1998-03-16', '0', '13');
INSERT INTO `db_student` VALUES ('488', '17014001', '李腈', '1997-09-10', '1', '14');
INSERT INTO `db_student` VALUES ('489', '17014002', '李淑嘉', '1996-04-20', '1', '14');
INSERT INTO `db_student` VALUES ('490', '17014003', '李件杰', '1998-06-06', '0', '14');
INSERT INTO `db_student` VALUES ('491', '17014004', '李微波', '1997-11-25', '1', '14');
INSERT INTO `db_student` VALUES ('492', '17014005', '李昕羿', '1996-09-20', '0', '14');
INSERT INTO `db_student` VALUES ('493', '17014006', '李晓龙', '1996-02-03', '1', '14');
INSERT INTO `db_student` VALUES ('494', '17014007', '李正阳', '1996-08-12', '1', '14');
INSERT INTO `db_student` VALUES ('495', '17014008', '李梓', '1997-11-27', '1', '14');
INSERT INTO `db_student` VALUES ('496', '17014009', '李高歌', '1997-06-20', '1', '14');
INSERT INTO `db_student` VALUES ('497', '17014010', '李丽虹', '1997-02-17', '1', '14');
INSERT INTO `db_student` VALUES ('498', '17014011', '李华瑞', '1997-04-05', '0', '14');
INSERT INTO `db_student` VALUES ('499', '17014012', '李如昊', '1997-09-07', '1', '14');
INSERT INTO `db_student` VALUES ('500', '17014013', '李韵鹤', '1996-08-09', '1', '14');
INSERT INTO `db_student` VALUES ('501', '17014014', '李冬茗', '1998-12-02', '2', '14');
INSERT INTO `db_student` VALUES ('502', '17014015', '李万寿', '1998-05-09', '0', '14');
INSERT INTO `db_student` VALUES ('503', '17014016', '李咏祥', '1998-01-12', '1', '14');
INSERT INTO `db_student` VALUES ('504', '17014017', '李玉林', '1997-08-12', '0', '14');
INSERT INTO `db_student` VALUES ('505', '17014018', '李广汇', '1996-06-19', '1', '14');
INSERT INTO `db_student` VALUES ('506', '17014019', '李熙国', '1996-12-31', '0', '14');
INSERT INTO `db_student` VALUES ('507', '17014020', '李郝荫', '1998-06-29', '1', '14');
INSERT INTO `db_student` VALUES ('508', '17014021', '李颜', '1996-02-18', '1', '14');
INSERT INTO `db_student` VALUES ('509', '17014022', '李舒桀', '1997-03-25', '0', '14');
INSERT INTO `db_student` VALUES ('510', '17014023', '李巍', '1997-03-02', '1', '14');
INSERT INTO `db_student` VALUES ('511', '17014024', '李中宏', '1996-10-29', '1', '14');
INSERT INTO `db_student` VALUES ('512', '17014025', '李永每', '1998-07-03', '0', '14');
INSERT INTO `db_student` VALUES ('513', '17014026', '李勇俊', '1997-12-09', '1', '14');
INSERT INTO `db_student` VALUES ('514', '17014027', '李麒铭', '1996-07-28', '0', '14');
INSERT INTO `db_student` VALUES ('515', '17014028', '李晨灵', '1997-07-08', '1', '14');
INSERT INTO `db_student` VALUES ('516', '17014029', '李泽坚', '1996-09-28', '1', '14');
INSERT INTO `db_student` VALUES ('517', '17014030', '李晓鹏', '1997-08-19', '1', '14');
INSERT INTO `db_student` VALUES ('518', '17014031', '李丕海', '1996-09-16', '1', '14');
INSERT INTO `db_student` VALUES ('519', '17014032', '李名扬', '1997-11-20', '1', '14');
INSERT INTO `db_student` VALUES ('520', '17014033', '李维嘉', '1996-10-21', '0', '14');
INSERT INTO `db_student` VALUES ('521', '17014034', '李宇昂', '1998-02-16', '1', '14');
INSERT INTO `db_student` VALUES ('522', '17014035', '李丽华', '1997-12-04', '1', '14');
INSERT INTO `db_student` VALUES ('523', '17014036', '李建设', '1996-06-25', '2', '14');
INSERT INTO `db_student` VALUES ('524', '17015001', '李泽明', '1998-07-21', '0', '15');
INSERT INTO `db_student` VALUES ('525', '17015002', '李骏鹏', '1997-08-24', '1', '15');
INSERT INTO `db_student` VALUES ('526', '17015003', '李林', '1996-02-09', '1', '15');
INSERT INTO `db_student` VALUES ('527', '17015004', '李娓仑', '1997-02-06', '0', '15');
INSERT INTO `db_student` VALUES ('528', '17015005', '李玉鑫', '1998-01-20', '1', '15');
INSERT INTO `db_student` VALUES ('529', '17015006', '李猛', '1997-07-18', '0', '15');
INSERT INTO `db_student` VALUES ('530', '17015007', '李志静', '1998-01-12', '1', '15');
INSERT INTO `db_student` VALUES ('531', '17015008', '李慎梓', '1996-08-25', '1', '15');
INSERT INTO `db_student` VALUES ('532', '17015009', '李义坤', '1998-10-09', '0', '15');
INSERT INTO `db_student` VALUES ('533', '17015010', '李培珠', '1996-09-05', '1', '15');
INSERT INTO `db_student` VALUES ('534', '17015011', '李海洪', '1998-08-05', '1', '15');
INSERT INTO `db_student` VALUES ('535', '17015012', '李淇淇', '1996-02-05', '0', '15');
INSERT INTO `db_student` VALUES ('536', '17015013', '李雨欣', '1996-02-22', '1', '15');
INSERT INTO `db_student` VALUES ('537', '17015014', '李欢', '1998-05-12', '0', '15');
INSERT INTO `db_student` VALUES ('538', '17015015', '李恩琪', '1997-05-03', '1', '15');
INSERT INTO `db_student` VALUES ('539', '17015016', '李朗雯', '1998-11-03', '1', '15');
INSERT INTO `db_student` VALUES ('540', '17015017', '李继明', '1998-09-01', '1', '15');
INSERT INTO `db_student` VALUES ('541', '17015018', '李嘉元', '1996-05-29', '1', '15');
INSERT INTO `db_student` VALUES ('542', '17015019', '李凌平', '1996-07-01', '1', '15');
INSERT INTO `db_student` VALUES ('543', '17015020', '李渔滢', '1998-10-31', '0', '15');
INSERT INTO `db_student` VALUES ('544', '17015021', '李裕伦', '1998-09-20', '1', '15');
INSERT INTO `db_student` VALUES ('545', '17015022', '李建宁', '1998-01-20', '1', '15');
INSERT INTO `db_student` VALUES ('546', '17015023', '李之涵', '1996-11-25', '2', '15');
INSERT INTO `db_student` VALUES ('547', '17015024', '李姗蔓', '1996-10-05', '0', '15');
INSERT INTO `db_student` VALUES ('548', '17015025', '李葛葛', '1997-03-03', '1', '15');
INSERT INTO `db_student` VALUES ('549', '17015026', '李长鹰', '1996-07-08', '1', '15');
INSERT INTO `db_student` VALUES ('550', '17015027', '李国东', '1998-04-18', '0', '15');
INSERT INTO `db_student` VALUES ('551', '17015028', '李明烨', '1996-04-06', '1', '15');
INSERT INTO `db_student` VALUES ('552', '17015029', '李咏华', '1996-08-04', '0', '15');
INSERT INTO `db_student` VALUES ('553', '17015030', '李兆泉', '1997-08-17', '1', '15');
INSERT INTO `db_student` VALUES ('554', '17015031', '李可凰', '1996-06-26', '1', '15');
INSERT INTO `db_student` VALUES ('555', '17015032', '李涵栾', '1998-11-08', '0', '15');
INSERT INTO `db_student` VALUES ('556', '17015033', '李舒羽', '1998-12-08', '1', '15');
INSERT INTO `db_student` VALUES ('557', '17015034', '李永利', '1997-11-04', '1', '15');
INSERT INTO `db_student` VALUES ('558', '17015035', '李海学', '1997-07-14', '0', '15');
INSERT INTO `db_student` VALUES ('559', '17015036', '李青焱', '1996-11-27', '1', '15');
INSERT INTO `db_student` VALUES ('560', '17015037', '李凤璐', '1998-12-08', '0', '15');
INSERT INTO `db_student` VALUES ('561', '17016001', '李笑才', '1996-11-03', '1', '16');
INSERT INTO `db_student` VALUES ('562', '17016002', '李月如', '1998-12-10', '1', '16');
INSERT INTO `db_student` VALUES ('563', '17016003', '李景天', '1996-07-08', '1', '16');
INSERT INTO `db_student` VALUES ('564', '17016004', '李俊一', '1996-12-01', '1', '16');
INSERT INTO `db_student` VALUES ('565', '17016005', '李党委', '1997-08-30', '1', '16');
INSERT INTO `db_student` VALUES ('566', '17016006', '李翰肃', '1998-11-06', '0', '16');
INSERT INTO `db_student` VALUES ('567', '17016007', '李建平', '1996-07-22', '1', '16');
INSERT INTO `db_student` VALUES ('568', '17016008', '李蕊', '1998-03-19', '1', '16');
INSERT INTO `db_student` VALUES ('569', '17016009', '李勇', '1997-07-05', '2', '16');
INSERT INTO `db_student` VALUES ('570', '17016010', '李焯尤', '1998-04-12', '0', '16');
INSERT INTO `db_student` VALUES ('571', '17016011', '李云生', '1998-11-08', '1', '16');
INSERT INTO `db_student` VALUES ('572', '17016012', '李雪萧', '1996-03-22', '1', '16');
INSERT INTO `db_student` VALUES ('573', '17016013', '李德鹏', '1997-05-25', '0', '16');
INSERT INTO `db_student` VALUES ('574', '17016014', '李远恒', '1997-05-20', '1', '16');
INSERT INTO `db_student` VALUES ('575', '17016015', '李泽睿', '1997-04-16', '0', '16');
INSERT INTO `db_student` VALUES ('576', '17016016', '李渝辉', '1996-11-06', '1', '16');
INSERT INTO `db_student` VALUES ('577', '17016017', '李妤欣', '1998-05-02', '1', '16');
INSERT INTO `db_student` VALUES ('578', '17016018', '李秋年', '1997-09-16', '0', '16');
INSERT INTO `db_student` VALUES ('579', '17016019', '李恩佳', '1997-10-03', '1', '16');
INSERT INTO `db_student` VALUES ('580', '17016020', '李小雯', '1997-11-21', '1', '16');
INSERT INTO `db_student` VALUES ('581', '17016021', '李天氍', '1996-12-04', '0', '16');
INSERT INTO `db_student` VALUES ('582', '17016022', '李滢芝', '1997-07-10', '1', '16');
INSERT INTO `db_student` VALUES ('583', '17016023', '李雨晨', '1996-02-10', '0', '16');
INSERT INTO `db_student` VALUES ('584', '17016024', '李青', '1996-05-04', '1', '16');
INSERT INTO `db_student` VALUES ('585', '17016025', '李宸如', '1996-07-18', '1', '16');
INSERT INTO `db_student` VALUES ('586', '17016026', '李思昊', '1996-11-29', '1', '16');
INSERT INTO `db_student` VALUES ('587', '17016027', '李恬恬', '1996-04-17', '1', '16');
INSERT INTO `db_student` VALUES ('588', '17016028', '李奂善', '1996-04-24', '1', '16');
INSERT INTO `db_student` VALUES ('589', '17016029', '李捷', '1997-12-02', '0', '16');
INSERT INTO `db_student` VALUES ('590', '17016030', '李贤杰', '1997-01-21', '1', '16');
INSERT INTO `db_student` VALUES ('591', '17016031', '李辰圻', '1996-08-11', '1', '16');
INSERT INTO `db_student` VALUES ('592', '17016032', '李亚东', '1998-02-19', '2', '16');
INSERT INTO `db_student` VALUES ('593', '17016033', '李思路', '1997-02-21', '0', '16');
INSERT INTO `db_student` VALUES ('594', '17016034', '李方树', '1997-01-14', '1', '16');
INSERT INTO `db_student` VALUES ('595', '17016035', '李欣海', '1998-10-17', '1', '16');
INSERT INTO `db_student` VALUES ('596', '17016036', '李宏', '1997-10-15', '0', '16');
INSERT INTO `db_student` VALUES ('597', '17017001', '李雨坤', '1998-01-24', '1', '17');
INSERT INTO `db_student` VALUES ('598', '17017002', '李英灿', '1997-08-09', '0', '17');
INSERT INTO `db_student` VALUES ('599', '17017003', '李凤津', '1998-02-12', '1', '17');
INSERT INTO `db_student` VALUES ('600', '17017004', '李雪雅', '1994-08-21', '1', '17');
INSERT INTO `db_student` VALUES ('601', '17017005', '李富才', '1995-12-22', '0', '17');
INSERT INTO `db_student` VALUES ('602', '17017006', '李耀鑫', '1993-05-06', '1', '17');
INSERT INTO `db_student` VALUES ('603', '17017007', '李广旭', '1996-08-15', '1', '17');
INSERT INTO `db_student` VALUES ('604', '17017008', '李小波', '1996-09-08', '0', '17');
INSERT INTO `db_student` VALUES ('605', '17017009', '李亮涟', '1995-11-01', '1', '17');
INSERT INTO `db_student` VALUES ('606', '17017010', '李欣榕', '1996-02-10', '0', '17');
INSERT INTO `db_student` VALUES ('607', '17017011', '李海', '1994-02-05', '1', '17');
INSERT INTO `db_student` VALUES ('608', '17017012', '李兆存', '1996-06-17', '1', '17');
INSERT INTO `db_student` VALUES ('609', '17017013', '李荞', '1994-01-13', '1', '17');
INSERT INTO `db_student` VALUES ('610', '17017014', '李大帅', '1995-01-13', '1', '17');
INSERT INTO `db_student` VALUES ('611', '17017015', '李纪生', '1996-07-15', '1', '17');
INSERT INTO `db_student` VALUES ('612', '17017016', '李星童', '1995-03-02', '0', '17');
INSERT INTO `db_student` VALUES ('613', '17017017', '李子蕙', '1995-10-02', '1', '17');
INSERT INTO `db_student` VALUES ('614', '17017018', '李润基', '1995-06-08', '1', '17');
INSERT INTO `db_student` VALUES ('615', '17017019', '李咏琪', '1995-09-30', '2', '17');
INSERT INTO `db_student` VALUES ('616', '17017020', '李丽彩', '1994-04-11', '0', '17');
INSERT INTO `db_student` VALUES ('617', '17017021', '李锰', '1996-08-10', '1', '17');
INSERT INTO `db_student` VALUES ('618', '17017022', '李秦', '1994-06-14', '0', '17');
INSERT INTO `db_student` VALUES ('619', '17017023', '李悛', '1994-05-09', '1', '17');
INSERT INTO `db_student` VALUES ('620', '17017024', '李淳鑫', '1995-01-02', '0', '17');
INSERT INTO `db_student` VALUES ('621', '17017025', '李欣政', '1993-12-27', '1', '17');
INSERT INTO `db_student` VALUES ('622', '17017026', '李泳瑜', '1993-03-29', '1', '17');
INSERT INTO `db_student` VALUES ('623', '17017027', '李劲草', '1993-01-01', '0', '17');
INSERT INTO `db_student` VALUES ('624', '17017028', '李艺银', '1995-10-22', '1', '17');
INSERT INTO `db_student` VALUES ('625', '17017029', '李建国', '1993-05-31', '1', '17');
INSERT INTO `db_student` VALUES ('626', '17017030', '李明聪', '1994-07-16', '0', '17');
INSERT INTO `db_student` VALUES ('627', '17017031', '李汉荣', '1995-04-13', '1', '17');
INSERT INTO `db_student` VALUES ('628', '17017032', '李童', '1994-12-28', '0', '17');
INSERT INTO `db_student` VALUES ('629', '17017033', '李云逍', '1993-05-07', '1', '17');
INSERT INTO `db_student` VALUES ('630', '17017034', '李子邯', '1993-05-22', '1', '17');
INSERT INTO `db_student` VALUES ('631', '17017035', '李叱镡', '1995-09-05', '1', '17');
INSERT INTO `db_student` VALUES ('632', '17017036', '李丽波', '1994-11-18', '1', '17');
INSERT INTO `db_student` VALUES ('633', '17018001', '李祥芝', '1993-03-05', '1', '18');
INSERT INTO `db_student` VALUES ('634', '17018002', '李波波', '1993-06-27', '0', '18');
INSERT INTO `db_student` VALUES ('635', '17018003', '李正茂', '1996-07-28', '1', '18');
INSERT INTO `db_student` VALUES ('636', '17018004', '李致成', '1996-08-22', '1', '18');
INSERT INTO `db_student` VALUES ('637', '17018005', '李之', '1996-08-15', '2', '18');
INSERT INTO `db_student` VALUES ('638', '17018006', '李永安', '1995-02-19', '0', '18');
INSERT INTO `db_student` VALUES ('639', '17018007', '李佳军', '1995-02-14', '1', '18');
INSERT INTO `db_student` VALUES ('640', '17018008', '李壁遥', '1995-04-08', '1', '18');
INSERT INTO `db_student` VALUES ('641', '17018009', '李方芹', '1995-01-07', '0', '18');
INSERT INTO `db_student` VALUES ('642', '17018010', '李玉蛟', '1996-03-06', '1', '18');
INSERT INTO `db_student` VALUES ('643', '17018011', '李事', '1996-03-14', '0', '18');
INSERT INTO `db_student` VALUES ('644', '17018012', '李振益', '1996-11-05', '1', '18');
INSERT INTO `db_student` VALUES ('645', '17018013', '李钢', '1993-08-12', '1', '18');
INSERT INTO `db_student` VALUES ('646', '17018014', '李永惠', '1994-11-03', '0', '18');
INSERT INTO `db_student` VALUES ('647', '17018015', '李屿灵', '1996-07-16', '1', '18');
INSERT INTO `db_student` VALUES ('648', '17018016', '李浩沂', '1995-10-25', '1', '18');
INSERT INTO `db_student` VALUES ('649', '17018017', '李懿茗', '1995-10-26', '0', '18');
INSERT INTO `db_student` VALUES ('650', '17018018', '李加尼', '1993-03-05', '1', '18');
INSERT INTO `db_student` VALUES ('651', '17018019', '李泰海', '1995-08-09', '0', '18');
INSERT INTO `db_student` VALUES ('652', '17018020', '李海谰', '1996-11-17', '1', '18');
INSERT INTO `db_student` VALUES ('653', '17018021', '李奕杨', '1995-07-13', '1', '18');
INSERT INTO `db_student` VALUES ('654', '17018022', '李晋楠', '1995-07-26', '1', '18');
INSERT INTO `db_student` VALUES ('655', '17018023', '李小海', '1993-10-19', '1', '18');
INSERT INTO `db_student` VALUES ('656', '17018024', '李代三', '1996-05-16', '1', '18');
INSERT INTO `db_student` VALUES ('657', '17018025', '李木木', '1993-09-25', '0', '18');
INSERT INTO `db_student` VALUES ('658', '17018026', '李海玮', '1996-03-10', '1', '18');
INSERT INTO `db_student` VALUES ('659', '17018027', '李先吊', '1996-02-29', '1', '18');
INSERT INTO `db_student` VALUES ('660', '17018028', '李长宝', '1996-10-19', '2', '18');
INSERT INTO `db_student` VALUES ('661', '17018029', '李一天', '1995-09-16', '0', '18');
INSERT INTO `db_student` VALUES ('662', '17018030', '李一钰', '1994-11-06', '1', '18');
INSERT INTO `db_student` VALUES ('663', '17018031', '李辛华', '1993-01-07', '1', '18');
INSERT INTO `db_student` VALUES ('664', '17018032', '李川', '1994-02-23', '0', '18');
INSERT INTO `db_student` VALUES ('665', '17018033', '李雷', '1995-10-02', '1', '18');
INSERT INTO `db_student` VALUES ('666', '17018034', '李蛹', '1993-02-18', '0', '18');
INSERT INTO `db_student` VALUES ('667', '17018035', '李煜启', '1995-09-01', '1', '18');
INSERT INTO `db_student` VALUES ('668', '17018036', '李伟', '1995-09-12', '1', '18');
INSERT INTO `db_student` VALUES ('669', '17018037', '李瑜刈', '1994-01-21', '0', '18');
INSERT INTO `db_student` VALUES ('670', '17019001', '李常杰', '1995-07-23', '1', '19');
INSERT INTO `db_student` VALUES ('671', '17019002', '李蒙', '1993-01-14', '1', '19');
INSERT INTO `db_student` VALUES ('672', '17019003', '李诗晴', '1994-07-14', '0', '19');
INSERT INTO `db_student` VALUES ('673', '17019004', '李远', '1994-08-02', '1', '19');
INSERT INTO `db_student` VALUES ('674', '17019005', '李姜芫', '1996-05-28', '0', '19');
INSERT INTO `db_student` VALUES ('675', '17019006', '李泓翔', '1995-12-26', '1', '19');
INSERT INTO `db_student` VALUES ('676', '17019007', '李进锋', '1993-04-03', '1', '19');
INSERT INTO `db_student` VALUES ('677', '17019008', '李为敏', '1996-09-14', '1', '19');
INSERT INTO `db_student` VALUES ('678', '17019009', '李开心', '1996-11-04', '1', '19');
INSERT INTO `db_student` VALUES ('679', '17019010', '李皓茗', '1993-03-12', '1', '19');
INSERT INTO `db_student` VALUES ('680', '17019011', '李可熠', '1995-08-13', '0', '19');
INSERT INTO `db_student` VALUES ('681', '17019012', '李兆峰', '1994-10-29', '1', '19');
INSERT INTO `db_student` VALUES ('682', '17019013', '李浯', '1993-07-06', '1', '19');
INSERT INTO `db_student` VALUES ('683', '17019014', '李海必', '1993-12-26', '2', '19');
INSERT INTO `db_student` VALUES ('684', '17019015', '李雨充', '1994-10-03', '0', '19');
INSERT INTO `db_student` VALUES ('685', '17019016', '李飞凤', '1996-01-11', '1', '19');
INSERT INTO `db_student` VALUES ('686', '17019017', '李子跃', '1996-09-11', '1', '19');
INSERT INTO `db_student` VALUES ('687', '17019018', '李鹏赫', '1996-07-08', '0', '19');
INSERT INTO `db_student` VALUES ('688', '17019019', '李戈', '1995-07-03', '1', '19');
INSERT INTO `db_student` VALUES ('689', '17019020', '李家沌', '1993-03-29', '0', '19');
INSERT INTO `db_student` VALUES ('690', '17019021', '李瑜斌', '1996-07-11', '1', '19');
INSERT INTO `db_student` VALUES ('691', '17019022', '李傈吏', '1994-02-27', '1', '19');
INSERT INTO `db_student` VALUES ('692', '17019023', '李铃华', '1996-11-16', '0', '19');
INSERT INTO `db_student` VALUES ('693', '17019024', '李铭鑫', '1996-02-08', '1', '19');
INSERT INTO `db_student` VALUES ('694', '17019025', '李鑫赢', '1995-05-03', '1', '19');
INSERT INTO `db_student` VALUES ('695', '17019026', '李沅璐', '1994-04-13', '0', '19');
INSERT INTO `db_student` VALUES ('696', '17019027', '李梁', '1993-12-16', '1', '19');
INSERT INTO `db_student` VALUES ('697', '17019028', '李启华', '1996-09-10', '0', '19');
INSERT INTO `db_student` VALUES ('698', '17019029', '李枫芸', '1995-01-29', '1', '19');
INSERT INTO `db_student` VALUES ('699', '17019030', '李展琛', '1994-08-06', '1', '19');
INSERT INTO `db_student` VALUES ('700', '17019031', '李勇进', '1993-09-24', '1', '19');
INSERT INTO `db_student` VALUES ('701', '17019032', '李旭彤', '1996-05-30', '1', '19');
INSERT INTO `db_student` VALUES ('702', '17019033', '李涛', '1995-12-10', '1', '19');
INSERT INTO `db_student` VALUES ('703', '17019034', '李秀容', '1995-02-26', '0', '19');
INSERT INTO `db_student` VALUES ('704', '17019035', '李子崴', '1995-02-28', '1', '19');
INSERT INTO `db_student` VALUES ('705', '17019036', '李造吉', '1993-01-21', '1', '19');
INSERT INTO `db_student` VALUES ('706', '17020001', '李路明', '1995-12-05', '2', '20');
INSERT INTO `db_student` VALUES ('707', '17020002', '李果', '1994-08-29', '0', '20');
INSERT INTO `db_student` VALUES ('708', '17020003', '李富贵', '1994-10-18', '1', '20');
INSERT INTO `db_student` VALUES ('709', '17020004', '李晔皓', '1995-04-05', '1', '20');
INSERT INTO `db_student` VALUES ('710', '17020005', '李维兴', '1996-03-06', '0', '20');
INSERT INTO `db_student` VALUES ('711', '17020006', '李耘蝶', '1996-02-19', '1', '20');
INSERT INTO `db_student` VALUES ('712', '17020007', '李艳玮', '1996-03-11', '0', '20');
INSERT INTO `db_student` VALUES ('713', '17020008', '李晟才', '1995-05-01', '1', '20');
INSERT INTO `db_student` VALUES ('714', '17020009', '李恽映', '1994-08-07', '1', '20');
INSERT INTO `db_student` VALUES ('715', '17020010', '李辰韵', '1993-09-28', '0', '20');
INSERT INTO `db_student` VALUES ('716', '17020011', '李方豪', '1994-01-04', '1', '20');
INSERT INTO `db_student` VALUES ('717', '17020012', '李希生', '1996-11-29', '1', '20');
INSERT INTO `db_student` VALUES ('718', '17020013', '李国伟', '1996-08-26', '0', '20');
INSERT INTO `db_student` VALUES ('719', '17020014', '李远高', '1994-03-30', '1', '20');
INSERT INTO `db_student` VALUES ('720', '17020015', '李秀江', '1995-12-07', '0', '20');
INSERT INTO `db_student` VALUES ('721', '17020016', '李欣颜', '1993-08-15', '1', '20');
INSERT INTO `db_student` VALUES ('722', '17020017', '李像仪', '1994-02-20', '1', '20');
INSERT INTO `db_student` VALUES ('723', '17020018', '李薇', '1993-09-08', '1', '20');
INSERT INTO `db_student` VALUES ('724', '17020019', '李立', '1995-12-27', '1', '20');
INSERT INTO `db_student` VALUES ('725', '17020020', '李芮彬', '1993-12-28', '1', '20');
INSERT INTO `db_student` VALUES ('726', '17020021', '李岭兵', '1996-10-23', '0', '20');
INSERT INTO `db_student` VALUES ('727', '17020022', '李利军', '1994-06-07', '1', '20');
INSERT INTO `db_student` VALUES ('728', '17020023', '李雨竺', '1994-10-12', '1', '20');
INSERT INTO `db_student` VALUES ('729', '17020024', '李意如', '1996-11-21', '2', '20');
INSERT INTO `db_student` VALUES ('730', '17020025', '李志权', '1994-06-20', '0', '20');
INSERT INTO `db_student` VALUES ('731', '17020026', '李朔珲', '1996-11-17', '1', '20');
INSERT INTO `db_student` VALUES ('732', '17020027', '李宁宁', '1995-07-27', '0', '20');
INSERT INTO `db_student` VALUES ('733', '17020028', '李乐晨', '1995-05-30', '1', '20');
INSERT INTO `db_student` VALUES ('734', '17020029', '李可欣', '1996-02-26', '0', '20');
INSERT INTO `db_student` VALUES ('735', '17020030', '李仡淙', '1995-03-26', '1', '20');
INSERT INTO `db_student` VALUES ('736', '17020031', '李俊然', '1995-01-04', '1', '20');
INSERT INTO `db_student` VALUES ('737', '17020032', '李舒', '1996-04-13', '0', '20');
INSERT INTO `db_student` VALUES ('738', '17020033', '李冠福', '1993-07-30', '1', '20');
INSERT INTO `db_student` VALUES ('739', '17020034', '李文琪', '1994-06-02', '1', '20');
INSERT INTO `db_student` VALUES ('740', '17020035', '李骁阳', '1993-08-23', '0', '20');
INSERT INTO `db_student` VALUES ('741', '17020036', '李骁扬', '1994-05-05', '1', '20');
INSERT INTO `db_student` VALUES ('742', '17021001', '李文键', '1995-05-18', '0', '21');
INSERT INTO `db_student` VALUES ('743', '17021002', '李彬辂', '1994-11-03', '1', '21');
INSERT INTO `db_student` VALUES ('744', '17021003', '李林波', '1996-08-31', '1', '21');
INSERT INTO `db_student` VALUES ('745', '17021004', '李绪杨', '1996-05-14', '1', '21');
INSERT INTO `db_student` VALUES ('746', '17021005', '李靖宪', '1993-08-29', '1', '21');
INSERT INTO `db_student` VALUES ('747', '17021006', '李焕然', '1993-03-24', '1', '21');
INSERT INTO `db_student` VALUES ('748', '17021007', '李菲菲', '1994-12-11', '0', '21');
INSERT INTO `db_student` VALUES ('749', '17021008', '李均华', '1994-09-13', '1', '21');
INSERT INTO `db_student` VALUES ('750', '17021009', '陈宏子', '1996-09-15', '1', '21');
INSERT INTO `db_student` VALUES ('751', '17021010', '秦婷婷', '1994-10-20', '2', '21');
INSERT INTO `db_student` VALUES ('752', '17021011', '折蓉蓉', '1994-12-31', '0', '21');
INSERT INTO `db_student` VALUES ('753', '17021012', '曹丽娜', '1994-03-22', '1', '21');
INSERT INTO `db_student` VALUES ('754', '17021013', '李娜', '1993-01-02', '1', '21');
INSERT INTO `db_student` VALUES ('755', '17021014', '姜钰', '1994-07-12', '0', '21');
INSERT INTO `db_student` VALUES ('756', '17021015', '魏天霞', '1995-05-08', '1', '21');
INSERT INTO `db_student` VALUES ('757', '17021016', '王官君', '1993-10-08', '0', '21');
INSERT INTO `db_student` VALUES ('758', '17021017', '王红梅', '1993-07-23', '1', '21');
INSERT INTO `db_student` VALUES ('759', '17021018', '郭淑慧', '1996-10-07', '1', '21');
INSERT INTO `db_student` VALUES ('760', '17021019', '马海娟', '1995-02-10', '0', '21');
INSERT INTO `db_student` VALUES ('761', '17021020', '孙洪山', '1993-06-23', '1', '21');
INSERT INTO `db_student` VALUES ('762', '17021021', '胡丹丹', '1994-09-06', '1', '21');
INSERT INTO `db_student` VALUES ('763', '17021022', '倪辰曦', '1993-03-18', '0', '21');
INSERT INTO `db_student` VALUES ('764', '17021023', '胡书琴', '1993-12-03', '1', '21');
INSERT INTO `db_student` VALUES ('765', '17021024', '冷静', '1995-06-26', '0', '21');
INSERT INTO `db_student` VALUES ('766', '17021025', '李剑', '1995-09-18', '1', '21');
INSERT INTO `db_student` VALUES ('767', '17021026', '范志坚', '1995-08-08', '1', '21');
INSERT INTO `db_student` VALUES ('768', '17021027', '任娟娟', '1994-01-09', '1', '21');
INSERT INTO `db_student` VALUES ('769', '17021028', '何圆', '1995-02-11', '1', '21');
INSERT INTO `db_student` VALUES ('770', '17021029', '安瑞娟', '1993-07-29', '1', '21');
INSERT INTO `db_student` VALUES ('771', '17021030', '汤敏树', '1994-08-17', '0', '21');
INSERT INTO `db_student` VALUES ('772', '17021031', '史娟', '1993-04-16', '1', '21');
INSERT INTO `db_student` VALUES ('773', '17021032', '王艳红', '1996-03-30', '1', '21');
INSERT INTO `db_student` VALUES ('774', '17021033', '姚志奋', '1995-11-10', '2', '21');
INSERT INTO `db_student` VALUES ('775', '17021034', '吴巧芬', '1996-02-28', '0', '21');
INSERT INTO `db_student` VALUES ('776', '17021035', '陈墨', '1996-06-26', '1', '21');
INSERT INTO `db_student` VALUES ('777', '17021036', '张琪', '1995-11-18', '1', '21');
INSERT INTO `db_student` VALUES ('778', '17021037', '毛春华', '1996-11-19', '0', '21');
INSERT INTO `db_student` VALUES ('779', '17022001', '王丽婧', '1996-03-28', '1', '22');
INSERT INTO `db_student` VALUES ('780', '17022002', '曾顺', '1996-09-28', '0', '22');
INSERT INTO `db_student` VALUES ('781', '17022003', '晏玉屏', '1993-08-02', '1', '22');
INSERT INTO `db_student` VALUES ('782', '17022004', '彭玉林', '1996-11-14', '1', '22');
INSERT INTO `db_student` VALUES ('783', '17022005', '曾盼丽', '1994-09-16', '0', '22');
INSERT INTO `db_student` VALUES ('784', '17022006', '谭艳红', '1995-09-22', '1', '22');
INSERT INTO `db_student` VALUES ('785', '17022007', '刘甜甜', '1996-02-01', '1', '22');
INSERT INTO `db_student` VALUES ('786', '17022008', '王璨', '1993-04-12', '0', '22');
INSERT INTO `db_student` VALUES ('787', '17022009', '刘彬彬', '1993-10-18', '1', '22');
INSERT INTO `db_student` VALUES ('788', '17022010', '吴银红', '1993-02-10', '0', '22');
INSERT INTO `db_student` VALUES ('789', '17022011', '徐晨曦', '1993-11-17', '1', '22');
INSERT INTO `db_student` VALUES ('790', '17022012', '蔡婷', '1994-10-20', '1', '22');
INSERT INTO `db_student` VALUES ('791', '17022013', '郑广荣', '1995-07-19', '1', '22');
INSERT INTO `db_student` VALUES ('792', '17022014', '周蓓', '1993-05-08', '1', '22');
INSERT INTO `db_student` VALUES ('793', '17022015', '陈小艳', '1995-02-02', '1', '22');
INSERT INTO `db_student` VALUES ('794', '17022016', '丁欣如', '1996-04-29', '0', '22');
INSERT INTO `db_student` VALUES ('795', '17022017', '谢辅仁', '1994-05-13', '1', '22');
INSERT INTO `db_student` VALUES ('796', '17022018', '张嘉', '1993-05-21', '1', '22');
INSERT INTO `db_student` VALUES ('797', '17022019', '李雯婷', '1996-08-05', '2', '22');
INSERT INTO `db_student` VALUES ('798', '17022020', '宋玉红', '1996-06-16', '0', '22');
INSERT INTO `db_student` VALUES ('799', '17022021', '毛晨霞', '1996-02-24', '1', '22');
INSERT INTO `db_student` VALUES ('800', '17022022', '余少虹', '1994-01-06', '1', '22');
INSERT INTO `db_student` VALUES ('801', '17022023', '余少华', '1994-10-14', '0', '22');
INSERT INTO `db_student` VALUES ('802', '17022024', '周莹', '1996-06-10', '1', '22');
INSERT INTO `db_student` VALUES ('803', '17022025', '卢兰凤', '1996-09-03', '0', '22');
INSERT INTO `db_student` VALUES ('804', '17022026', '万腾龙', '1996-04-28', '1', '22');
INSERT INTO `db_student` VALUES ('805', '17022027', '张博', '1993-11-21', '1', '22');
INSERT INTO `db_student` VALUES ('806', '17022028', '何羽衣', '1993-06-19', '0', '22');
INSERT INTO `db_student` VALUES ('807', '17022029', '林立', '1995-11-12', '1', '22');
INSERT INTO `db_student` VALUES ('808', '17022030', '朱红艳', '1994-08-02', '1', '22');
INSERT INTO `db_student` VALUES ('809', '17022031', '李允麒', '1994-06-13', '0', '22');
INSERT INTO `db_student` VALUES ('810', '17022032', '魏霖', '1994-05-14', '1', '22');
INSERT INTO `db_student` VALUES ('811', '17022033', '许超丽', '1993-10-21', '0', '22');
INSERT INTO `db_student` VALUES ('812', '17022034', '何柳青', '1993-07-25', '1', '22');
INSERT INTO `db_student` VALUES ('813', '17022035', '黄鸿江', '1995-07-30', '1', '22');
INSERT INTO `db_student` VALUES ('814', '17022036', '孙婷', '1996-02-07', '1', '22');
INSERT INTO `db_student` VALUES ('815', '17023001', '黎锦荣', '1995-08-15', '1', '23');
INSERT INTO `db_student` VALUES ('816', '17023002', '谢剑萍', '1994-05-15', '1', '23');
INSERT INTO `db_student` VALUES ('817', '17023003', '王峥', '1995-10-02', '0', '23');
INSERT INTO `db_student` VALUES ('818', '17023004', '洪欣意', '1995-01-19', '1', '23');
INSERT INTO `db_student` VALUES ('819', '17023005', '唐芳', '1994-02-08', '1', '23');
INSERT INTO `db_student` VALUES ('820', '17023006', '肖舒', '1994-05-26', '2', '23');
INSERT INTO `db_student` VALUES ('821', '17023007', '何元', '1994-05-01', '0', '23');
INSERT INTO `db_student` VALUES ('822', '17023008', '杨嘉怡', '1995-12-05', '1', '23');
INSERT INTO `db_student` VALUES ('823', '17023009', '张佳婧', '1993-10-23', '1', '23');
INSERT INTO `db_student` VALUES ('824', '17023010', '王若峰', '1996-05-23', '0', '23');
INSERT INTO `db_student` VALUES ('825', '17023011', '王丹青', '1995-12-24', '1', '23');
INSERT INTO `db_student` VALUES ('826', '17023012', '胡海峰', '1993-08-02', '0', '23');
INSERT INTO `db_student` VALUES ('827', '17023013', '任青', '1996-08-02', '1', '23');
INSERT INTO `db_student` VALUES ('828', '17023014', '罗莹', '1996-01-24', '1', '23');
INSERT INTO `db_student` VALUES ('829', '17023015', '曹雪', '1993-10-01', '0', '23');
INSERT INTO `db_student` VALUES ('830', '17023016', '汤宇', '1996-02-25', '1', '23');
INSERT INTO `db_student` VALUES ('831', '17023017', '郑涵', '1994-08-02', '1', '23');
INSERT INTO `db_student` VALUES ('832', '17023018', '黎明', '1993-10-17', '0', '23');
INSERT INTO `db_student` VALUES ('833', '17023019', '薛丽娜', '1995-03-07', '1', '23');
INSERT INTO `db_student` VALUES ('834', '17023020', '肖青', '1993-06-15', '0', '23');
INSERT INTO `db_student` VALUES ('835', '17023021', '罗茵', '1995-07-08', '1', '23');
INSERT INTO `db_student` VALUES ('836', '17023022', '陈瑞微', '1995-06-08', '1', '23');
INSERT INTO `db_student` VALUES ('837', '17023023', '陈逸群', '1994-03-07', '1', '23');
INSERT INTO `db_student` VALUES ('838', '17023024', '陈思阳', '1995-07-24', '1', '23');
INSERT INTO `db_student` VALUES ('839', '17023025', '李林臻', '1995-09-27', '1', '23');
INSERT INTO `db_student` VALUES ('840', '17023026', '刘勇', '1995-01-28', '0', '23');
INSERT INTO `db_student` VALUES ('841', '17023027', '周志光', '1995-05-10', '1', '23');
INSERT INTO `db_student` VALUES ('842', '17023028', '周克涛', '1995-08-31', '1', '23');
INSERT INTO `db_student` VALUES ('843', '17023029', '廖靖华', '1996-05-02', '2', '23');
INSERT INTO `db_student` VALUES ('844', '17023030', '马慧霞', '1993-06-23', '0', '23');
INSERT INTO `db_student` VALUES ('845', '17023031', '胡卫伟', '1994-02-18', '1', '23');
INSERT INTO `db_student` VALUES ('846', '17023032', '陈藜文', '1996-02-08', '0', '23');
INSERT INTO `db_student` VALUES ('847', '17023033', '张清华', '1995-11-18', '1', '23');
INSERT INTO `db_student` VALUES ('848', '17023034', '邓莎', '1996-02-09', '0', '23');
INSERT INTO `db_student` VALUES ('849', '17023035', '肖晓新', '1996-01-03', '1', '23');
INSERT INTO `db_student` VALUES ('850', '17023036', '曹昆', '1996-01-20', '1', '23');
INSERT INTO `db_student` VALUES ('851', '17024001', '罗振炜', '1994-11-16', '0', '24');
INSERT INTO `db_student` VALUES ('852', '17024002', '钱敏', '1996-06-26', '1', '24');
INSERT INTO `db_student` VALUES ('853', '17024003', '贵奂', '1996-09-26', '1', '24');
INSERT INTO `db_student` VALUES ('854', '17024004', '杨诗琪', '1994-11-17', '0', '24');
INSERT INTO `db_student` VALUES ('855', '17024005', '李雅文', '1994-05-19', '1', '24');
INSERT INTO `db_student` VALUES ('856', '17024006', '唐行轲', '1995-01-25', '0', '24');
INSERT INTO `db_student` VALUES ('857', '17024007', '周奕', '1995-02-11', '1', '24');
INSERT INTO `db_student` VALUES ('858', '17024008', '谭丽', '1995-01-13', '1', '24');
INSERT INTO `db_student` VALUES ('859', '17024009', '张小林', '1994-05-16', '1', '24');
INSERT INTO `db_student` VALUES ('860', '17024010', '杨玲', '1995-02-22', '1', '24');
INSERT INTO `db_student` VALUES ('861', '17024011', '屈鑫燕', '1993-11-28', '1', '24');
INSERT INTO `db_student` VALUES ('862', '17024012', '蔡明灼', '1994-10-08', '0', '24');
INSERT INTO `db_student` VALUES ('863', '17024013', '薛槐敏', '1996-03-20', '1', '24');
INSERT INTO `db_student` VALUES ('864', '17024014', '陈小红', '1993-09-16', '1', '24');
INSERT INTO `db_student` VALUES ('865', '17024015', '朱翼', '1996-09-17', '2', '24');
INSERT INTO `db_student` VALUES ('866', '17024016', '潘千', '1993-09-10', '0', '24');
INSERT INTO `db_student` VALUES ('867', '17024017', '张恒', '1994-11-16', '1', '24');
INSERT INTO `db_student` VALUES ('868', '17024018', '谢文婷', '1993-04-06', '1', '24');
INSERT INTO `db_student` VALUES ('869', '17024019', '冯瑾娜', '1996-03-19', '0', '24');
INSERT INTO `db_student` VALUES ('870', '17024020', '张英', '1993-01-10', '1', '24');
INSERT INTO `db_student` VALUES ('871', '17024021', '王琳', '1994-05-28', '0', '24');
INSERT INTO `db_student` VALUES ('872', '17024022', '汪海源', '1995-06-08', '1', '24');
INSERT INTO `db_student` VALUES ('873', '17024023', '孙燕冉', '1994-01-11', '1', '24');
INSERT INTO `db_student` VALUES ('874', '17024024', '常小丽', '1993-07-23', '0', '24');
INSERT INTO `db_student` VALUES ('875', '17024025', '王燕', '1995-03-30', '1', '24');
INSERT INTO `db_student` VALUES ('876', '17024026', '李朝', '1995-11-10', '1', '24');
INSERT INTO `db_student` VALUES ('877', '17024027', '李元宵', '1993-06-11', '0', '24');
INSERT INTO `db_student` VALUES ('878', '17024028', '马丹丹', '1993-12-31', '1', '24');
INSERT INTO `db_student` VALUES ('879', '17024029', '杜美娜', '1994-09-14', '0', '24');
INSERT INTO `db_student` VALUES ('880', '17024030', '赵护林', '1996-09-07', '1', '24');
INSERT INTO `db_student` VALUES ('881', '17024031', '朱寅竹', '1995-11-24', '1', '24');
INSERT INTO `db_student` VALUES ('882', '17024032', '尹明', '1995-01-01', '1', '24');
INSERT INTO `db_student` VALUES ('883', '17024033', '徐振方', '1993-10-07', '1', '24');
INSERT INTO `db_student` VALUES ('884', '17024034', '罗玉婧', '1994-03-02', '1', '24');
INSERT INTO `db_student` VALUES ('885', '17024035', '何朝燕', '1993-04-29', '0', '24');
INSERT INTO `db_student` VALUES ('886', '17024036', '张荷', '1995-06-11', '1', '24');
INSERT INTO `db_student` VALUES ('887', '17024037', '仇国林', '1993-05-24', '1', '24');
INSERT INTO `db_student` VALUES ('888', '17025001', '冯敏敏', '1994-12-11', '2', '25');
INSERT INTO `db_student` VALUES ('889', '17025002', '俞丽', '1993-09-03', '0', '25');
INSERT INTO `db_student` VALUES ('890', '17025003', '李鸾', '1993-12-27', '1', '25');
INSERT INTO `db_student` VALUES ('891', '17025004', '张林锋', '1994-11-15', '1', '25');
INSERT INTO `db_student` VALUES ('892', '17025005', '薛珊珊', '1993-02-11', '0', '25');
INSERT INTO `db_student` VALUES ('893', '17025006', '孙琳', '1995-05-06', '1', '25');
INSERT INTO `db_student` VALUES ('894', '17025007', '罗敏', '1994-03-26', '0', '25');
INSERT INTO `db_student` VALUES ('895', '17025008', '武彩霞', '1993-03-25', '1', '25');
INSERT INTO `db_student` VALUES ('896', '17025009', '高倩', '1995-10-29', '1', '25');
INSERT INTO `db_student` VALUES ('897', '17025010', '崔璨', '1995-03-23', '0', '25');
INSERT INTO `db_student` VALUES ('898', '17025011', '王敏', '1993-12-02', '1', '25');
INSERT INTO `db_student` VALUES ('899', '17025012', '景芳', '1994-09-18', '1', '25');
INSERT INTO `db_student` VALUES ('900', '17025013', '张雯雯', '1992-12-25', '0', '25');
INSERT INTO `db_student` VALUES ('901', '17025014', '阮浙临', '1994-11-25', '1', '25');
INSERT INTO `db_student` VALUES ('902', '17025015', '王晶', '1994-08-02', '0', '25');
INSERT INTO `db_student` VALUES ('903', '17025016', '肖风迎', '1993-11-23', '1', '25');
INSERT INTO `db_student` VALUES ('904', '17025017', '冯超', '1993-08-26', '1', '25');
INSERT INTO `db_student` VALUES ('905', '17025018', '郭霞', '1994-04-03', '1', '25');
INSERT INTO `db_student` VALUES ('906', '17025019', '李艳茹', '1993-05-16', '1', '25');
INSERT INTO `db_student` VALUES ('907', '17025020', '阎慧', '1994-02-02', '1', '25');
INSERT INTO `db_student` VALUES ('908', '17025021', '胡毅秉', '1992-02-22', '0', '25');
INSERT INTO `db_student` VALUES ('909', '17025022', '郭燕', '1993-05-30', '1', '25');
INSERT INTO `db_student` VALUES ('910', '17025023', '陈红娟', '1993-12-02', '1', '25');
INSERT INTO `db_student` VALUES ('911', '17025024', '王玉宁', '1994-06-01', '2', '25');
INSERT INTO `db_student` VALUES ('912', '17025025', '周宇', '1992-03-28', '0', '25');
INSERT INTO `db_student` VALUES ('913', '17025026', '周菊', '1992-10-07', '1', '25');
INSERT INTO `db_student` VALUES ('914', '17025027', '贺楠', '1993-05-23', '1', '25');
INSERT INTO `db_student` VALUES ('915', '17025028', '刘世晓', '1993-06-03', '0', '25');
INSERT INTO `db_student` VALUES ('916', '17025029', '李乔', '1994-05-18', '1', '25');
INSERT INTO `db_student` VALUES ('917', '17025030', '吴思锋', '1993-02-14', '0', '25');
INSERT INTO `db_student` VALUES ('918', '17025031', '黄迎春', '1993-05-07', '1', '25');
INSERT INTO `db_student` VALUES ('919', '17025032', '全娟', '1994-04-27', '1', '25');
INSERT INTO `db_student` VALUES ('920', '17025033', '彭铮', '1992-04-06', '0', '25');
INSERT INTO `db_student` VALUES ('921', '17025034', '邓天文', '1993-11-02', '1', '25');
INSERT INTO `db_student` VALUES ('922', '17025035', '刘嘉佳', '1993-01-19', '1', '25');
INSERT INTO `db_student` VALUES ('923', '17025036', '陈秀春', '1992-11-06', '0', '25');
INSERT INTO `db_student` VALUES ('924', '17026001', '陈科生', '1994-07-10', '1', '26');
INSERT INTO `db_student` VALUES ('925', '17026002', '刘雪映', '1994-09-28', '0', '26');
INSERT INTO `db_student` VALUES ('926', '17026003', '石璞璞', '1994-08-29', '1', '26');
INSERT INTO `db_student` VALUES ('927', '17026004', '李青妍', '1994-08-06', '1', '26');
INSERT INTO `db_student` VALUES ('928', '17026005', '丘素莉', '1993-05-04', '1', '26');
INSERT INTO `db_student` VALUES ('929', '17026006', '邝计嘉', '1994-11-16', '1', '26');
INSERT INTO `db_student` VALUES ('930', '17026007', '刘先睿', '1992-03-24', '1', '26');
INSERT INTO `db_student` VALUES ('931', '17026008', '陈迪', '1994-02-23', '0', '26');
INSERT INTO `db_student` VALUES ('932', '17026009', '肖东菁', '1993-03-21', '1', '26');
INSERT INTO `db_student` VALUES ('933', '17026010', '汪佳丽', '1993-12-19', '1', '26');
INSERT INTO `db_student` VALUES ('934', '17026011', '傅双育', '1992-01-23', '2', '26');
INSERT INTO `db_student` VALUES ('935', '17026012', '王聪', '1992-10-04', '0', '26');
INSERT INTO `db_student` VALUES ('936', '17026013', '李璇', '1994-02-28', '1', '26');
INSERT INTO `db_student` VALUES ('937', '17026014', '马舒滟', '1992-04-30', '1', '26');
INSERT INTO `db_student` VALUES ('938', '17026015', '许青云', '1993-05-09', '0', '26');
INSERT INTO `db_student` VALUES ('939', '17026016', '徐丹', '1993-08-15', '1', '26');
INSERT INTO `db_student` VALUES ('940', '17026017', '张奕', '1994-07-08', '0', '26');
INSERT INTO `db_student` VALUES ('941', '17026018', '田野', '1993-03-16', '1', '26');
INSERT INTO `db_student` VALUES ('942', '17026019', '彭亚光', '1994-08-08', '1', '26');
INSERT INTO `db_student` VALUES ('943', '17026020', '殷夏', '1992-08-14', '0', '26');
INSERT INTO `db_student` VALUES ('944', '17026021', '黄欢', '1994-03-25', '1', '26');
INSERT INTO `db_student` VALUES ('945', '17026022', '庞琳', '1992-06-05', '1', '26');
INSERT INTO `db_student` VALUES ('946', '17026023', '张子腾', '1993-05-13', '0', '26');
INSERT INTO `db_student` VALUES ('947', '17026024', '姜春阳', '1993-11-21', '1', '26');
INSERT INTO `db_student` VALUES ('948', '17026025', '刘冰若', '1994-03-26', '0', '26');
INSERT INTO `db_student` VALUES ('949', '17026026', '万菲', '1992-02-03', '1', '26');
INSERT INTO `db_student` VALUES ('950', '17026027', '何丽', '1993-01-10', '1', '26');
INSERT INTO `db_student` VALUES ('951', '17026028', '刘龙飞', '1992-07-23', '1', '26');
INSERT INTO `db_student` VALUES ('952', '17026029', '顾天天', '1992-11-18', '1', '26');
INSERT INTO `db_student` VALUES ('953', '17026030', '宣苗', '1994-05-31', '1', '26');
INSERT INTO `db_student` VALUES ('954', '17026031', '周彦楠', '1993-12-24', '0', '26');
INSERT INTO `db_student` VALUES ('955', '17026032', '朱小玲', '1992-03-27', '1', '26');
INSERT INTO `db_student` VALUES ('956', '17026033', '毛雅清', '1993-05-09', '1', '26');
INSERT INTO `db_student` VALUES ('957', '17026034', '江皎', '1994-11-24', '2', '26');
INSERT INTO `db_student` VALUES ('958', '17026035', '王伊', '1993-02-20', '0', '26');
INSERT INTO `db_student` VALUES ('959', '17026036', '黄登高', '1993-06-02', '1', '26');
INSERT INTO `db_student` VALUES ('960', '17027001', '王莉', '1992-07-31', '0', '27');
INSERT INTO `db_student` VALUES ('961', '17027002', '董润', '1993-02-17', '1', '27');
INSERT INTO `db_student` VALUES ('962', '17027003', '谭雪', '1993-09-04', '0', '27');
INSERT INTO `db_student` VALUES ('963', '17027004', '董方帅', '1992-01-11', '1', '27');
INSERT INTO `db_student` VALUES ('964', '17027005', '黄明光', '1994-06-08', '1', '27');
INSERT INTO `db_student` VALUES ('965', '17027006', '李凯生', '1992-03-31', '0', '27');
INSERT INTO `db_student` VALUES ('966', '17027007', '黄乃康', '1992-08-30', '1', '27');
INSERT INTO `db_student` VALUES ('967', '17027008', '贾玲', '1993-01-24', '1', '27');
INSERT INTO `db_student` VALUES ('968', '17027009', '陈晓露', '1992-07-24', '0', '27');
INSERT INTO `db_student` VALUES ('969', '17027010', '刘艳芳', '1992-09-10', '1', '27');
INSERT INTO `db_student` VALUES ('970', '17027011', '刘丽艳', '1992-02-22', '0', '27');
INSERT INTO `db_student` VALUES ('971', '17027012', '任黎平', '1994-07-23', '1', '27');
INSERT INTO `db_student` VALUES ('972', '17027013', '王盼盼', '1993-02-17', '1', '27');
INSERT INTO `db_student` VALUES ('973', '17027014', '杨欢', '1992-01-21', '1', '27');
INSERT INTO `db_student` VALUES ('974', '17027015', '张舒婷', '1992-05-20', '1', '27');
INSERT INTO `db_student` VALUES ('975', '17027016', '杨芳', '1992-07-03', '1', '27');
INSERT INTO `db_student` VALUES ('976', '17027017', '茹然', '1992-11-30', '0', '27');
INSERT INTO `db_student` VALUES ('977', '17027018', '许朝亮', '1993-02-28', '1', '27');
INSERT INTO `db_student` VALUES ('978', '17027019', '邢洋', '1994-03-26', '1', '27');
INSERT INTO `db_student` VALUES ('979', '17027020', '陆欣楠', '1994-09-20', '2', '27');
INSERT INTO `db_student` VALUES ('980', '17027021', '刘易', '1992-08-16', '0', '27');
INSERT INTO `db_student` VALUES ('981', '17027022', '王文霞', '1993-10-24', '1', '27');
INSERT INTO `db_student` VALUES ('982', '17027023', '刘佳', '1994-08-28', '1', '27');
INSERT INTO `db_student` VALUES ('983', '17027024', '刁海鹏', '1992-11-18', '0', '27');
INSERT INTO `db_student` VALUES ('984', '17027025', '杜亚琼', '1992-03-27', '1', '27');
INSERT INTO `db_student` VALUES ('985', '17027026', '程玲', '1994-10-04', '0', '27');
INSERT INTO `db_student` VALUES ('986', '17027027', '高川', '1992-01-18', '1', '27');
INSERT INTO `db_student` VALUES ('987', '17027028', '金鼎', '1993-02-20', '1', '27');
INSERT INTO `db_student` VALUES ('988', '17027029', '苏旭', '1994-10-12', '0', '27');
INSERT INTO `db_student` VALUES ('989', '17027030', '李永清', '1994-05-08', '1', '27');
INSERT INTO `db_student` VALUES ('990', '17027031', '龙慧', '1992-06-24', '1', '27');
INSERT INTO `db_student` VALUES ('991', '17027032', '柴扉', '1994-08-22', '0', '27');
INSERT INTO `db_student` VALUES ('992', '17027033', '张琳', '1992-10-24', '1', '27');
INSERT INTO `db_student` VALUES ('993', '17027034', '董薇', '1992-12-02', '0', '27');
INSERT INTO `db_student` VALUES ('994', '17027035', '余婧', '1992-08-19', '1', '27');
INSERT INTO `db_student` VALUES ('995', '17027036', '李亦然', '1993-11-15', '1', '27');
INSERT INTO `db_student` VALUES ('996', '17027037', '徐歌', '1992-04-20', '1', '27');
INSERT INTO `db_student` VALUES ('997', '17028001', '孔维源', '1993-06-15', '1', '28');
INSERT INTO `db_student` VALUES ('998', '17028002', '冯栋', '1992-05-07', '1', '28');
INSERT INTO `db_student` VALUES ('999', '17028003', '汪潇潇', '1992-05-30', '0', '28');
INSERT INTO `db_student` VALUES ('1000', '17028004', '张文婷', '1992-02-15', '1', '28');
INSERT INTO `db_student` VALUES ('1001', '17028005', '勘晓妹', '1993-07-21', '1', '28');
INSERT INTO `db_student` VALUES ('1002', '17028006', '张依弛', '1993-12-22', '2', '28');
INSERT INTO `db_student` VALUES ('1003', '17028007', '孙榕', '1993-08-14', '0', '28');
INSERT INTO `db_student` VALUES ('1004', '17028008', '廖丽霞', '1993-10-27', '1', '28');
INSERT INTO `db_student` VALUES ('1005', '17028009', '解欣', '1994-10-22', '1', '28');
INSERT INTO `db_student` VALUES ('1006', '17028010', '谭军红', '1993-04-28', '0', '28');
INSERT INTO `db_student` VALUES ('1007', '17028011', '张玲玲', '1992-10-21', '1', '28');
INSERT INTO `db_student` VALUES ('1008', '17028012', '傅姁妮', '1993-12-25', '0', '28');
INSERT INTO `db_student` VALUES ('1009', '17028013', '张润', '1992-03-03', '1', '28');
INSERT INTO `db_student` VALUES ('1010', '17028014', '郝蓓蓓', '1994-01-24', '1', '28');
INSERT INTO `db_student` VALUES ('1011', '17028015', '张青梅', '1994-04-01', '0', '28');
INSERT INTO `db_student` VALUES ('1012', '17028016', '乔亚楠', '1992-02-19', '1', '28');
INSERT INTO `db_student` VALUES ('1013', '17028017', '冯敬宇', '1992-10-31', '1', '28');
INSERT INTO `db_student` VALUES ('1014', '17028018', '黄莎莎', '1993-07-12', '0', '28');
INSERT INTO `db_student` VALUES ('1015', '17028019', '潘佼佼', '1993-03-18', '1', '28');
INSERT INTO `db_student` VALUES ('1016', '17028020', '李欣', '1993-01-13', '0', '28');
INSERT INTO `db_student` VALUES ('1017', '17028021', '龚旻', '1994-04-02', '1', '28');
INSERT INTO `db_student` VALUES ('1018', '17028022', '李丹', '1992-05-09', '1', '28');
INSERT INTO `db_student` VALUES ('1019', '17028023', '陈翔洁', '1994-04-28', '1', '28');
INSERT INTO `db_student` VALUES ('1020', '17028024', '李刚', '1992-12-28', '1', '28');
INSERT INTO `db_student` VALUES ('1021', '17028025', '吴思莹', '1993-10-26', '1', '28');
INSERT INTO `db_student` VALUES ('1022', '17028026', '罗兰君', '1994-01-14', '0', '28');
INSERT INTO `db_student` VALUES ('1023', '17028027', '李森', '1994-10-14', '1', '28');
INSERT INTO `db_student` VALUES ('1024', '17028028', '严岩', '1994-09-13', '1', '28');
INSERT INTO `db_student` VALUES ('1025', '17028029', '文妮', '1993-12-02', '2', '28');
INSERT INTO `db_student` VALUES ('1026', '17028030', '吕昊', '1993-12-24', '0', '28');
INSERT INTO `db_student` VALUES ('1027', '17028031', '李珏', '1992-07-14', '1', '28');
INSERT INTO `db_student` VALUES ('1028', '17028032', '潘小旋', '1993-07-29', '1', '28');
INSERT INTO `db_student` VALUES ('1029', '17028033', '赵晓敏', '1993-12-05', '0', '28');
INSERT INTO `db_student` VALUES ('1030', '17028034', '闫颖慧', '1994-11-05', '1', '28');
INSERT INTO `db_student` VALUES ('1031', '17028035', '何洁萍', '1994-05-13', '0', '28');
INSERT INTO `db_student` VALUES ('1032', '17028036', '韩香茹', '1992-03-06', '1', '28');
INSERT INTO `db_student` VALUES ('1033', '17029001', '徐婷婷', '1993-05-01', '1', '29');
INSERT INTO `db_student` VALUES ('1034', '17029002', '高彬', '1993-03-12', '0', '29');
INSERT INTO `db_student` VALUES ('1035', '17029003', '孙巍', '1994-10-06', '1', '29');
INSERT INTO `db_student` VALUES ('1036', '17029004', '薄坤坤', '1993-06-06', '1', '29');
INSERT INTO `db_student` VALUES ('1037', '17029005', '刘旭阳', '1992-07-12', '0', '29');
INSERT INTO `db_student` VALUES ('1038', '17029006', '王思敏', '1992-02-09', '1', '29');
INSERT INTO `db_student` VALUES ('1039', '17029007', '张蕾', '1994-06-01', '0', '29');
INSERT INTO `db_student` VALUES ('1040', '17029008', '卜文月', '1994-04-10', '1', '29');
INSERT INTO `db_student` VALUES ('1041', '17029009', '张媛媛', '1994-10-03', '1', '29');
INSERT INTO `db_student` VALUES ('1042', '17029010', '王鹏飞', '1992-07-14', '1', '29');
INSERT INTO `db_student` VALUES ('1043', '17029011', '黄颖', '1994-03-15', '1', '29');
INSERT INTO `db_student` VALUES ('1044', '17029012', '张琼', '1993-08-20', '1', '29');
INSERT INTO `db_student` VALUES ('1045', '17029013', '姚秋月', '1992-04-23', '0', '29');
INSERT INTO `db_student` VALUES ('1046', '17029014', '廉雁捷', '1993-04-02', '1', '29');
INSERT INTO `db_student` VALUES ('1047', '17029015', '周玮', '1993-01-30', '1', '29');
INSERT INTO `db_student` VALUES ('1048', '17029016', '马杰', '1993-02-20', '2', '29');
INSERT INTO `db_student` VALUES ('1049', '17029017', '郭佳', '1994-11-02', '0', '29');
INSERT INTO `db_student` VALUES ('1050', '17029018', '赵淑洁', '1992-07-30', '1', '29');
INSERT INTO `db_student` VALUES ('1051', '17029019', '李琴', '1993-08-15', '1', '29');
INSERT INTO `db_student` VALUES ('1052', '17029020', '谢海莲', '1993-12-09', '0', '29');
INSERT INTO `db_student` VALUES ('1053', '17029021', '刘京', '1994-05-19', '1', '29');
INSERT INTO `db_student` VALUES ('1054', '17029022', '李晓燕', '1994-08-02', '0', '29');
INSERT INTO `db_student` VALUES ('1055', '17029023', '范亚娟', '1994-05-06', '1', '29');
INSERT INTO `db_student` VALUES ('1056', '17029024', '徐娟', '1993-06-17', '1', '29');
INSERT INTO `db_student` VALUES ('1057', '17029025', '张硕', '1994-10-22', '0', '29');
INSERT INTO `db_student` VALUES ('1058', '17029026', '贾绰', '1992-08-06', '1', '29');
INSERT INTO `db_student` VALUES ('1059', '17029027', '范逊敏', '1992-05-21', '1', '29');
INSERT INTO `db_student` VALUES ('1060', '17029028', '杨丽', '1994-05-10', '0', '29');
INSERT INTO `db_student` VALUES ('1061', '17029029', '单雅丽', '1993-07-23', '1', '29');
INSERT INTO `db_student` VALUES ('1062', '17029030', '谢云生', '1994-09-11', '0', '29');
INSERT INTO `db_student` VALUES ('1063', '17029031', '韩冬', '1992-09-30', '1', '29');
INSERT INTO `db_student` VALUES ('1064', '17029032', '庞书娟', '1994-08-04', '1', '29');
INSERT INTO `db_student` VALUES ('1065', '17029033', '史乃原', '1993-09-02', '1', '29');
INSERT INTO `db_student` VALUES ('1066', '17029034', '孙雅念', '1994-05-06', '1', '29');
INSERT INTO `db_student` VALUES ('1067', '17029035', '李旗挺', '1994-05-05', '1', '29');
INSERT INTO `db_student` VALUES ('1068', '17029036', '李艳婷', '1992-11-01', '0', '29');
INSERT INTO `db_student` VALUES ('1069', '17030001', '马雁翔', '1994-11-15', '1', '30');
INSERT INTO `db_student` VALUES ('1070', '17030002', '尹姗姗', '1992-05-31', '1', '30');
INSERT INTO `db_student` VALUES ('1071', '17030003', '黄鼎', '1994-07-05', '2', '30');
INSERT INTO `db_student` VALUES ('1072', '17030004', '庞哲', '1992-01-09', '0', '30');
INSERT INTO `db_student` VALUES ('1073', '17030005', '朱佳婧', '1994-08-12', '1', '30');
INSERT INTO `db_student` VALUES ('1074', '17030006', '张珊珊', '1994-06-14', '0', '30');
INSERT INTO `db_student` VALUES ('1075', '17030007', '郝思雨', '1994-11-25', '1', '30');
INSERT INTO `db_student` VALUES ('1076', '17030008', '王鑫', '1994-11-14', '0', '30');
INSERT INTO `db_student` VALUES ('1077', '17030009', '马健', '1993-11-20', '1', '30');
INSERT INTO `db_student` VALUES ('1078', '17030010', '叶恒', '1993-09-07', '1', '30');
INSERT INTO `db_student` VALUES ('1079', '17030011', '杨帆', '1993-02-16', '0', '30');
INSERT INTO `db_student` VALUES ('1080', '17030012', '闫雪花', '1992-06-15', '1', '30');
INSERT INTO `db_student` VALUES ('1081', '17030013', '段晓雯', '1992-10-07', '1', '30');
INSERT INTO `db_student` VALUES ('1082', '17030014', '张子晶', '1993-12-15', '0', '30');
INSERT INTO `db_student` VALUES ('1083', '17030015', '郑婷婷', '1992-03-31', '1', '30');
INSERT INTO `db_student` VALUES ('1084', '17030016', '高淑贤', '1993-10-16', '0', '30');
INSERT INTO `db_student` VALUES ('1085', '17030017', '孟佳', '1994-08-01', '1', '30');
INSERT INTO `db_student` VALUES ('1086', '17030018', '黄琦', '1993-10-04', '1', '30');
INSERT INTO `db_student` VALUES ('1087', '17030019', '郭静', '1992-11-30', '1', '30');
INSERT INTO `db_student` VALUES ('1088', '17030020', '余小娟', '1992-01-20', '1', '30');
INSERT INTO `db_student` VALUES ('1089', '17030021', '贾彩娟', '1994-08-10', '1', '30');
INSERT INTO `db_student` VALUES ('1090', '17030022', '陈荣锦', '1992-09-28', '0', '30');
INSERT INTO `db_student` VALUES ('1091', '17030023', '于姝斐', '1994-08-09', '1', '30');
INSERT INTO `db_student` VALUES ('1092', '17030024', '阮盛婧', '1993-09-11', '1', '30');
INSERT INTO `db_student` VALUES ('1093', '17030025', '温洁', '1992-02-10', '2', '30');
INSERT INTO `db_student` VALUES ('1094', '17030026', '李英健', '1993-04-28', '0', '30');
INSERT INTO `db_student` VALUES ('1095', '17030027', '庞晓瑜', '1992-05-05', '1', '30');
INSERT INTO `db_student` VALUES ('1096', '17030028', '方娟', '1994-04-26', '1', '30');
INSERT INTO `db_student` VALUES ('1097', '17030029', '许晓凌', '1992-06-10', '0', '30');
INSERT INTO `db_student` VALUES ('1098', '17030030', '谢娜', '1993-11-30', '1', '30');
INSERT INTO `db_student` VALUES ('1099', '17030031', '张锐', '1994-10-10', '0', '30');
INSERT INTO `db_student` VALUES ('1100', '17030032', '孟竹', '1993-03-12', '1', '30');
INSERT INTO `db_student` VALUES ('1101', '17030033', '张红玲', '1992-11-15', '1', '30');
INSERT INTO `db_student` VALUES ('1102', '17030034', '张杰', '1994-07-13', '0', '30');
INSERT INTO `db_student` VALUES ('1103', '17030035', '贾翠晓', '1994-04-11', '1', '30');
INSERT INTO `db_student` VALUES ('1104', '17030036', '巩潇然', '1993-07-18', '1', '30');
INSERT INTO `db_student` VALUES ('1105', '17030037', '王琴', '1993-11-23', '0', '30');
INSERT INTO `db_student` VALUES ('1106', '17031001', '杨文田', '1994-10-07', '1', '31');
INSERT INTO `db_student` VALUES ('1107', '17031002', '韩志保', '1994-05-31', '0', '31');
INSERT INTO `db_student` VALUES ('1108', '17031003', '宋燕', '1992-08-13', '1', '31');
INSERT INTO `db_student` VALUES ('1109', '17031004', '张东群', '1992-07-28', '1', '31');
INSERT INTO `db_student` VALUES ('1110', '17031005', '赵爱香', '1992-02-02', '1', '31');
INSERT INTO `db_student` VALUES ('1111', '17031006', '赵雪培', '1992-07-01', '1', '31');
INSERT INTO `db_student` VALUES ('1112', '17031007', '李雪飞', '1993-01-19', '1', '31');
INSERT INTO `db_student` VALUES ('1113', '17031008', '范召琳', '1992-07-08', '0', '31');
INSERT INTO `db_student` VALUES ('1114', '17031009', '楚红梅', '1994-02-14', '1', '31');
INSERT INTO `db_student` VALUES ('1115', '17031010', '魏荣梅', '1992-09-11', '1', '31');
INSERT INTO `db_student` VALUES ('1116', '17031011', '赵晨', '1994-08-11', '2', '31');
INSERT INTO `db_student` VALUES ('1117', '17031012', '尚继鹏', '1992-10-12', '0', '31');
INSERT INTO `db_student` VALUES ('1118', '17031013', '张一珠', '1993-09-04', '1', '31');
INSERT INTO `db_student` VALUES ('1119', '17031014', '申志敏', '1993-11-23', '1', '31');
INSERT INTO `db_student` VALUES ('1120', '17031015', '殷晓婷', '1994-11-13', '0', '31');
INSERT INTO `db_student` VALUES ('1121', '17031016', '李慧芳', '1993-10-16', '1', '31');
INSERT INTO `db_student` VALUES ('1122', '17031017', '贾利利', '1994-11-24', '0', '31');
INSERT INTO `db_student` VALUES ('1123', '17031018', '刘欣', '1992-07-04', '1', '31');
INSERT INTO `db_student` VALUES ('1124', '17031019', '杨剑东', '1992-07-10', '1', '31');
INSERT INTO `db_student` VALUES ('1125', '17031020', '张变英', '1992-12-04', '0', '31');
INSERT INTO `db_student` VALUES ('1126', '17031021', '苏丹', '1994-11-06', '1', '31');
INSERT INTO `db_student` VALUES ('1127', '17031022', '邓罕攀', '1994-08-04', '1', '31');
INSERT INTO `db_student` VALUES ('1128', '17031023', '李焰', '1994-09-07', '0', '31');
INSERT INTO `db_student` VALUES ('1129', '17031024', '郑玉兰', '1994-03-17', '1', '31');
INSERT INTO `db_student` VALUES ('1130', '17031025', '李作健', '1994-08-20', '0', '31');
INSERT INTO `db_student` VALUES ('1131', '17031026', '宁晓蕾', '1993-01-24', '1', '31');
INSERT INTO `db_student` VALUES ('1132', '17031027', '张志诚', '1994-08-31', '1', '31');
INSERT INTO `db_student` VALUES ('1133', '17031028', '刘璐', '1994-03-04', '1', '31');
INSERT INTO `db_student` VALUES ('1134', '17031029', '李军林', '1994-05-03', '1', '31');
INSERT INTO `db_student` VALUES ('1135', '17031030', '陈敏杰', '1992-06-23', '1', '31');
INSERT INTO `db_student` VALUES ('1136', '17031031', '梁峰', '1992-09-01', '0', '31');
INSERT INTO `db_student` VALUES ('1137', '17031032', '肖蕾', '1993-01-26', '1', '31');
INSERT INTO `db_student` VALUES ('1138', '17031033', '李维奇', '1992-05-09', '1', '31');
INSERT INTO `db_student` VALUES ('1139', '17031034', '喻唯', '1993-03-19', '2', '31');
INSERT INTO `db_student` VALUES ('1140', '17031035', '王博', '1992-07-20', '0', '31');
INSERT INTO `db_student` VALUES ('1141', '17031036', '袁丹', '1992-01-31', '1', '31');
INSERT INTO `db_student` VALUES ('1142', '17032001', '曲芳', '1992-04-21', '1', '32');
INSERT INTO `db_student` VALUES ('1143', '17032002', '武妹', '1992-09-10', '0', '32');
INSERT INTO `db_student` VALUES ('1144', '17032003', '宫素香', '1993-06-05', '1', '32');
INSERT INTO `db_student` VALUES ('1145', '17032004', '刁文洁', '1993-07-17', '0', '32');
INSERT INTO `db_student` VALUES ('1146', '17032005', '王雪', '1993-02-09', '1', '32');
INSERT INTO `db_student` VALUES ('1147', '17032006', '范佳慧', '1994-12-07', '1', '32');
INSERT INTO `db_student` VALUES ('1148', '17032007', '周芸', '1992-06-10', '0', '32');
INSERT INTO `db_student` VALUES ('1149', '17032008', '刘婷婷', '1992-09-04', '1', '32');
INSERT INTO `db_student` VALUES ('1150', '17032009', '盛文凤', '1993-09-20', '1', '32');
INSERT INTO `db_student` VALUES ('1151', '17032010', '崔丹', '1994-04-03', '0', '32');
INSERT INTO `db_student` VALUES ('1152', '17032011', '刘颖', '1992-09-15', '1', '32');
INSERT INTO `db_student` VALUES ('1153', '17032012', '王玉洁', '1992-06-29', '0', '32');
INSERT INTO `db_student` VALUES ('1154', '17032013', '姜葳', '1993-12-30', '1', '32');
INSERT INTO `db_student` VALUES ('1155', '17032014', '董英灏', '1994-10-18', '1', '32');
INSERT INTO `db_student` VALUES ('1156', '17032015', '王侃', '1993-04-09', '1', '32');
INSERT INTO `db_student` VALUES ('1157', '17032016', '刘琨', '1994-06-06', '1', '32');
INSERT INTO `db_student` VALUES ('1158', '17032017', '宁升椿', '1993-10-03', '1', '32');
INSERT INTO `db_student` VALUES ('1159', '17032018', '陈光琦', '1994-12-10', '0', '32');
INSERT INTO `db_student` VALUES ('1160', '17032019', '陈晓晨', '1993-01-25', '1', '32');
INSERT INTO `db_student` VALUES ('1161', '17032020', '郭欣', '1994-01-19', '1', '32');
INSERT INTO `db_student` VALUES ('1162', '17032021', '李杨', '1993-12-12', '2', '32');
INSERT INTO `db_student` VALUES ('1163', '17032022', '徐冬蕾', '1993-06-28', '0', '32');
INSERT INTO `db_student` VALUES ('1164', '17032023', '王华梅', '1993-08-27', '1', '32');
INSERT INTO `db_student` VALUES ('1165', '17032024', '董达勇', '1993-04-30', '1', '32');
INSERT INTO `db_student` VALUES ('1166', '17032025', '闫卓琳', '1992-02-08', '0', '32');
INSERT INTO `db_student` VALUES ('1167', '17032026', '杨靖', '1993-01-20', '1', '32');
INSERT INTO `db_student` VALUES ('1168', '17032027', '刘丽丽', '1993-10-16', '0', '32');
INSERT INTO `db_student` VALUES ('1169', '17032028', '杨云', '1992-12-23', '1', '32');
INSERT INTO `db_student` VALUES ('1170', '17032029', '孙宇', '1992-12-15', '1', '32');
INSERT INTO `db_student` VALUES ('1171', '17032030', '刘晶', '1993-12-03', '0', '32');
INSERT INTO `db_student` VALUES ('1172', '17032031', '王永佳', '1994-09-09', '1', '32');
INSERT INTO `db_student` VALUES ('1173', '17032032', '徐铭潞', '1993-06-21', '1', '32');
INSERT INTO `db_student` VALUES ('1174', '17032033', '高群', '1993-06-26', '0', '32');
INSERT INTO `db_student` VALUES ('1175', '17032034', '刘雅真', '1994-05-19', '1', '32');
INSERT INTO `db_student` VALUES ('1176', '17032035', '曾祥玲', '1992-01-14', '0', '32');
INSERT INTO `db_student` VALUES ('1177', '17032036', '刘珊珊', '1993-01-22', '1', '32');
INSERT INTO `db_student` VALUES ('1178', '17033001', '赵鑫', '1992-10-12', '1', '33');
INSERT INTO `db_student` VALUES ('1179', '17033002', '解丽娟', '1992-11-01', '1', '33');
INSERT INTO `db_student` VALUES ('1180', '17033003', '刘建伟', '1992-02-03', '1', '33');
INSERT INTO `db_student` VALUES ('1181', '17033004', '陈珂瑾', '1993-06-19', '1', '33');
INSERT INTO `db_student` VALUES ('1182', '17033005', '周玲玲', '1994-09-02', '0', '33');
INSERT INTO `db_student` VALUES ('1183', '17033006', '宋宾', '1993-07-02', '1', '33');
INSERT INTO `db_student` VALUES ('1184', '17033007', '杨思', '1992-11-13', '1', '33');
INSERT INTO `db_student` VALUES ('1185', '17033008', '魏双艳', '1993-12-09', '2', '33');
INSERT INTO `db_student` VALUES ('1186', '17033009', '刘永杰', '1993-03-14', '0', '33');
INSERT INTO `db_student` VALUES ('1187', '17033010', '潘煜晨', '1992-12-09', '1', '33');
INSERT INTO `db_student` VALUES ('1188', '17033011', '罗宏达', '1992-06-22', '0', '33');
INSERT INTO `db_student` VALUES ('1189', '17033012', '凌云志', '1992-01-29', '1', '33');
INSERT INTO `db_student` VALUES ('1190', '17033013', '张文琳', '1993-06-30', '0', '33');
INSERT INTO `db_student` VALUES ('1191', '17033014', '向可嘉', '1993-08-10', '1', '33');
INSERT INTO `db_student` VALUES ('1192', '17033015', '卜臻敏', '1992-03-13', '1', '33');
INSERT INTO `db_student` VALUES ('1193', '17033016', '王文', '1994-08-13', '0', '33');
INSERT INTO `db_student` VALUES ('1194', '17033017', '陈佳敏', '1993-10-17', '1', '33');
INSERT INTO `db_student` VALUES ('1195', '17033018', '周颖雯', '1994-02-08', '1', '33');
INSERT INTO `db_student` VALUES ('1196', '17033019', '袁沁茹', '1994-07-20', '0', '33');
INSERT INTO `db_student` VALUES ('1197', '17033020', '宋明星', '1994-06-18', '1', '33');
INSERT INTO `db_student` VALUES ('1198', '17033021', '杨季赟', '1993-11-19', '0', '33');
INSERT INTO `db_student` VALUES ('1199', '17033022', '王颖群', '1991-12-02', '1', '33');
INSERT INTO `db_student` VALUES ('1200', '17033023', '周娟', '1991-02-19', '1', '33');
INSERT INTO `db_student` VALUES ('1201', '17033024', '熊辉', '1991-02-18', '1', '33');
INSERT INTO `db_student` VALUES ('1202', '17033025', '陆轶文', '1992-05-03', '1', '33');
INSERT INTO `db_student` VALUES ('1203', '17033026', '崔明华', '1991-11-04', '1', '33');
INSERT INTO `db_student` VALUES ('1204', '17033027', '颜婷', '1993-06-05', '0', '33');
INSERT INTO `db_student` VALUES ('1205', '17033028', '袁飞', '1993-03-29', '1', '33');
INSERT INTO `db_student` VALUES ('1206', '17033029', '崔映芬', '1992-12-31', '1', '33');
INSERT INTO `db_student` VALUES ('1207', '17033030', '赵天湖', '1992-10-10', '2', '33');
INSERT INTO `db_student` VALUES ('1208', '17033031', '徐磊', '1992-04-09', '0', '33');
INSERT INTO `db_student` VALUES ('1209', '17033032', '毕凯', '1991-10-03', '1', '33');
INSERT INTO `db_student` VALUES ('1210', '17033033', '常静娜', '1992-05-17', '1', '33');
INSERT INTO `db_student` VALUES ('1211', '17033034', '李凤', '1992-01-19', '0', '33');
INSERT INTO `db_student` VALUES ('1212', '17033035', '张茜', '1991-05-06', '1', '33');
INSERT INTO `db_student` VALUES ('1213', '17033036', '张晶晶', '1991-07-06', '0', '33');
INSERT INTO `db_student` VALUES ('1214', '17033037', '陆兰兰', '1991-06-13', '1', '33');
INSERT INTO `db_student` VALUES ('1215', '17034001', '俞旸', '1992-01-01', '1', '34');
INSERT INTO `db_student` VALUES ('1216', '17034002', '张婷婷', '1991-04-05', '0', '34');
INSERT INTO `db_student` VALUES ('1217', '17034003', '李昕一', '1993-06-16', '1', '34');
INSERT INTO `db_student` VALUES ('1218', '17034004', '叶紫薇', '1992-01-16', '1', '34');
INSERT INTO `db_student` VALUES ('1219', '17034005', '傅琦', '1993-03-10', '0', '34');
INSERT INTO `db_student` VALUES ('1220', '17034006', '李妍', '1991-07-27', '1', '34');
INSERT INTO `db_student` VALUES ('1221', '17034007', '谢微微', '1992-05-27', '0', '34');
INSERT INTO `db_student` VALUES ('1222', '17034008', '冬妮', '1991-02-02', '1', '34');
INSERT INTO `db_student` VALUES ('1223', '17034009', '刘羽扬', '1992-04-28', '1', '34');
INSERT INTO `db_student` VALUES ('1224', '17034010', '周悠悠', '1992-03-08', '1', '34');
INSERT INTO `db_student` VALUES ('1225', '17034011', '樊周依', '1991-05-22', '1', '34');
INSERT INTO `db_student` VALUES ('1226', '17034012', '武文嘉', '1993-10-13', '1', '34');
INSERT INTO `db_student` VALUES ('1227', '17034013', '徐珺', '1991-09-13', '0', '34');
INSERT INTO `db_student` VALUES ('1228', '17034014', '盛珺', '1993-03-25', '1', '34');
INSERT INTO `db_student` VALUES ('1229', '17034015', '刘嵩', '1991-09-15', '1', '34');
INSERT INTO `db_student` VALUES ('1230', '17034016', '梁艳', '1993-03-24', '2', '34');
INSERT INTO `db_student` VALUES ('1231', '17034017', '于敏', '1993-10-17', '0', '34');
INSERT INTO `db_student` VALUES ('1232', '17034018', '韩婧', '1992-07-14', '1', '34');
INSERT INTO `db_student` VALUES ('1233', '17034019', '黄彩萍', '1993-10-16', '1', '34');
INSERT INTO `db_student` VALUES ('1234', '17034020', '王伟鹏', '1991-01-07', '0', '34');
INSERT INTO `db_student` VALUES ('1235', '17034021', '曹兵', '1991-07-07', '1', '34');
INSERT INTO `db_student` VALUES ('1236', '17034022', '李贞', '1993-11-14', '0', '34');
INSERT INTO `db_student` VALUES ('1237', '17034023', '吴晓成', '1993-10-29', '1', '34');
INSERT INTO `db_student` VALUES ('1238', '17034024', '江松洁', '1992-04-14', '1', '34');
INSERT INTO `db_student` VALUES ('1239', '17034025', '鲁玉萍', '1991-02-20', '0', '34');
INSERT INTO `db_student` VALUES ('1240', '17034026', '周淑枫', '1993-06-18', '1', '34');
INSERT INTO `db_student` VALUES ('1241', '17034027', '张曼曼', '1991-02-16', '1', '34');
INSERT INTO `db_student` VALUES ('1242', '17034028', '张瑞娟', '1991-11-17', '0', '34');
INSERT INTO `db_student` VALUES ('1243', '17034029', '戚银燕', '1991-01-22', '1', '34');
INSERT INTO `db_student` VALUES ('1244', '17034030', '陈芸', '1992-06-06', '0', '34');
INSERT INTO `db_student` VALUES ('1245', '17034031', '顾鸿兰', '1993-11-17', '1', '34');
INSERT INTO `db_student` VALUES ('1246', '17034032', '毛玲燕', '1992-02-08', '1', '34');
INSERT INTO `db_student` VALUES ('1247', '17034033', '徐梦灵', '1992-03-21', '1', '34');
INSERT INTO `db_student` VALUES ('1248', '17034034', '陈铮', '1992-06-19', '1', '34');
INSERT INTO `db_student` VALUES ('1249', '17034035', '仲娜娜', '1991-11-08', '1', '34');
INSERT INTO `db_student` VALUES ('1250', '17034036', '王苑苑', '1992-10-03', '0', '34');
INSERT INTO `db_student` VALUES ('1251', '17035001', '陈思远', '1993-11-28', '1', '35');
INSERT INTO `db_student` VALUES ('1252', '17035002', '林倩倩', '1992-12-20', '1', '35');
INSERT INTO `db_student` VALUES ('1253', '17035003', '何培芬', '1991-04-22', '2', '35');
INSERT INTO `db_student` VALUES ('1254', '17035004', '步雅芸', '1993-09-07', '0', '35');
INSERT INTO `db_student` VALUES ('1255', '17035005', '皮金燕', '1991-09-21', '1', '35');
INSERT INTO `db_student` VALUES ('1256', '17035006', '余姗姗', '1991-08-26', '1', '35');
INSERT INTO `db_student` VALUES ('1257', '17035007', '何兰兰', '1992-12-28', '0', '35');
INSERT INTO `db_student` VALUES ('1258', '17035008', '范琴英', '1991-12-09', '1', '35');
INSERT INTO `db_student` VALUES ('1259', '17035009', '陈丹丽', '1993-09-18', '0', '35');
INSERT INTO `db_student` VALUES ('1260', '17035010', '唐奇', '1992-01-31', '1', '35');
INSERT INTO `db_student` VALUES ('1261', '17035011', '崔业萍', '1993-01-17', '1', '35');
INSERT INTO `db_student` VALUES ('1262', '17035012', '王二为', '1992-08-02', '0', '35');
INSERT INTO `db_student` VALUES ('1263', '17035013', '王莉淳', '1992-05-03', '1', '35');
INSERT INTO `db_student` VALUES ('1264', '17035014', '孙云云', '1991-05-19', '1', '35');
INSERT INTO `db_student` VALUES ('1265', '17035015', '袁嫚玲', '1992-05-25', '0', '35');
INSERT INTO `db_student` VALUES ('1266', '17035016', '杨颜', '1992-06-07', '1', '35');
INSERT INTO `db_student` VALUES ('1267', '17035017', '郭舒静', '1991-09-14', '0', '35');
INSERT INTO `db_student` VALUES ('1268', '17035018', '沈雨露', '1992-04-15', '1', '35');
INSERT INTO `db_student` VALUES ('1269', '17035019', '王立冕', '1992-02-22', '1', '35');
INSERT INTO `db_student` VALUES ('1270', '17035020', '周灿金', '1992-07-29', '1', '35');
INSERT INTO `db_student` VALUES ('1271', '17035021', '陈舒斌', '1991-03-31', '1', '35');
INSERT INTO `db_student` VALUES ('1272', '17035022', '朱晓妤', '1992-05-25', '1', '35');
INSERT INTO `db_student` VALUES ('1273', '17035023', '郑雅颖', '1992-01-30', '0', '35');
INSERT INTO `db_student` VALUES ('1274', '17035024', '张力甦', '1993-10-23', '1', '35');
INSERT INTO `db_student` VALUES ('1275', '17035025', '游成敏', '1991-10-02', '1', '35');
INSERT INTO `db_student` VALUES ('1276', '17035026', '王云玲', '1993-04-16', '2', '35');
INSERT INTO `db_student` VALUES ('1277', '17035027', '阮薇', '1991-12-16', '0', '35');
INSERT INTO `db_student` VALUES ('1278', '17035028', '曾培中', '1992-10-22', '1', '35');
INSERT INTO `db_student` VALUES ('1279', '17035029', '李桢', '1991-04-05', '1', '35');
INSERT INTO `db_student` VALUES ('1280', '17035030', '林芳', '1992-06-09', '0', '35');
INSERT INTO `db_student` VALUES ('1281', '17035031', '周倩', '1991-01-29', '1', '35');
INSERT INTO `db_student` VALUES ('1282', '17035032', '余英姿', '1993-01-08', '0', '35');
INSERT INTO `db_student` VALUES ('1283', '17035033', '黎菁菁', '1992-09-26', '1', '35');
INSERT INTO `db_student` VALUES ('1284', '17035034', '李子月', '1991-11-11', '1', '35');
INSERT INTO `db_student` VALUES ('1285', '17035035', '张怡', '1993-01-20', '0', '35');
INSERT INTO `db_student` VALUES ('1286', '17035036', '向珍', '1991-05-22', '1', '35');
INSERT INTO `db_student` VALUES ('1287', '17036001', '卢颖萍', '1992-01-23', '1', '36');
INSERT INTO `db_student` VALUES ('1288', '17036002', '谢芳芳', '1991-10-22', '0', '36');
INSERT INTO `db_student` VALUES ('1289', '17036003', '史靖文', '1992-08-04', '1', '36');
INSERT INTO `db_student` VALUES ('1290', '17036004', '晁莹', '1993-03-26', '0', '36');
INSERT INTO `db_student` VALUES ('1291', '17036005', '宫昊', '1993-05-28', '1', '36');
INSERT INTO `db_student` VALUES ('1292', '17036006', '冯媛媛', '1993-07-25', '1', '36');
INSERT INTO `db_student` VALUES ('1293', '17036007', '王跃', '1992-07-14', '1', '36');
INSERT INTO `db_student` VALUES ('1294', '17036008', '王国花', '1993-09-07', '1', '36');
INSERT INTO `db_student` VALUES ('1295', '17036009', '杨晓静', '1991-05-13', '1', '36');
INSERT INTO `db_student` VALUES ('1296', '17036010', '蓝静', '1993-07-16', '0', '36');
INSERT INTO `db_student` VALUES ('1297', '17036011', '宋文剑', '1992-11-09', '1', '36');
INSERT INTO `db_student` VALUES ('1298', '17036012', '刘伟', '1993-05-06', '1', '36');
INSERT INTO `db_student` VALUES ('1299', '17036013', '刘德凤', '1991-03-21', '2', '36');
INSERT INTO `db_student` VALUES ('1300', '17036014', '颜廷波', '1991-09-28', '0', '36');
INSERT INTO `db_student` VALUES ('1301', '17036015', '夏焕丽', '1993-01-14', '1', '36');
INSERT INTO `db_student` VALUES ('1302', '17036016', '杨会', '1992-06-15', '0', '36');
INSERT INTO `db_student` VALUES ('1303', '17036017', '韩宁', '1991-04-04', '1', '36');
INSERT INTO `db_student` VALUES ('1304', '17036018', '刘少广', '1991-10-25', '0', '36');
INSERT INTO `db_student` VALUES ('1305', '17036019', '刘兴欢', '1991-07-01', '1', '36');
INSERT INTO `db_student` VALUES ('1306', '17036020', '潘凌', '1992-03-17', '1', '36');
INSERT INTO `db_student` VALUES ('1307', '17036021', '张艳梅', '1991-09-18', '0', '36');
INSERT INTO `db_student` VALUES ('1308', '17036022', '杨兰兰', '1992-12-19', '1', '36');
INSERT INTO `db_student` VALUES ('1309', '17036023', '谭怡宁', '1991-06-08', '1', '36');
INSERT INTO `db_student` VALUES ('1310', '17036024', '李艳', '1991-12-10', '0', '36');
INSERT INTO `db_student` VALUES ('1311', '17036025', '徐昕', '1993-06-14', '1', '36');
INSERT INTO `db_student` VALUES ('1312', '17036026', '朱志兴', '1991-07-13', '0', '36');
INSERT INTO `db_student` VALUES ('1313', '17036027', '牛晓渊', '1992-01-06', '1', '36');
INSERT INTO `db_student` VALUES ('1314', '17036028', '李椰潭', '1992-10-18', '1', '36');
INSERT INTO `db_student` VALUES ('1315', '17036029', '王媛媛', '1993-10-04', '1', '36');
INSERT INTO `db_student` VALUES ('1316', '17036030', '刘锦', '1991-01-04', '1', '36');
INSERT INTO `db_student` VALUES ('1317', '17036031', '吴娜', '1993-02-15', '1', '36');
INSERT INTO `db_student` VALUES ('1318', '17036032', '冯伟', '1992-01-08', '0', '36');
INSERT INTO `db_student` VALUES ('1319', '17036033', '郭楚', '1993-10-19', '1', '36');
INSERT INTO `db_student` VALUES ('1320', '17036034', '曹光辉', '1992-08-21', '1', '36');
INSERT INTO `db_student` VALUES ('1321', '17036035', '娄莉莉', '1991-01-04', '2', '36');
INSERT INTO `db_student` VALUES ('1322', '17036036', '宁兴琴', '1992-07-21', '0', '36');
INSERT INTO `db_student` VALUES ('1323', '17036037', '许海明', '1991-06-03', '1', '36');
INSERT INTO `db_student` VALUES ('1324', '17037001', '司丽想', '1991-11-17', '1', '37');
INSERT INTO `db_student` VALUES ('1325', '17037002', '白珊', '1991-04-27', '0', '37');
INSERT INTO `db_student` VALUES ('1326', '17037003', '费晨', '1993-10-02', '1', '37');
INSERT INTO `db_student` VALUES ('1327', '17037004', '李昕萌', '1992-06-17', '0', '37');
INSERT INTO `db_student` VALUES ('1328', '17037005', '鄢蓉', '1993-05-17', '1', '37');
INSERT INTO `db_student` VALUES ('1329', '17037006', '刘倩', '1992-06-13', '1', '37');
INSERT INTO `db_student` VALUES ('1330', '17037007', '康伟', '1991-09-06', '0', '37');
INSERT INTO `db_student` VALUES ('1331', '17037008', '陈芳', '1992-03-17', '1', '37');
INSERT INTO `db_student` VALUES ('1332', '17037009', '吴少杰', '1993-09-25', '1', '37');
INSERT INTO `db_student` VALUES ('1333', '17037010', '李四民', '1991-03-16', '0', '37');
INSERT INTO `db_student` VALUES ('1334', '17037011', '王莹', '1991-04-30', '1', '37');
INSERT INTO `db_student` VALUES ('1335', '17037012', '黄辉', '1991-02-26', '0', '37');
INSERT INTO `db_student` VALUES ('1336', '17037013', '邹昀', '1993-02-06', '1', '37');
INSERT INTO `db_student` VALUES ('1337', '17037014', '史晓明', '1991-05-15', '1', '37');
INSERT INTO `db_student` VALUES ('1338', '17037015', '任莉虹', '1992-01-27', '1', '37');
INSERT INTO `db_student` VALUES ('1339', '17037016', '潘晶燕', '1991-10-26', '1', '37');
INSERT INTO `db_student` VALUES ('1340', '17037017', '胡红枚', '1991-03-16', '1', '37');
INSERT INTO `db_student` VALUES ('1341', '17037018', '刘璇', '1992-11-21', '0', '37');
INSERT INTO `db_student` VALUES ('1342', '17037019', '谢赛', '1992-12-28', '1', '37');
INSERT INTO `db_student` VALUES ('1343', '17037020', '黄思', '1992-03-10', '1', '37');
INSERT INTO `db_student` VALUES ('1344', '17037021', '甘晓茵', '1991-10-05', '2', '37');
INSERT INTO `db_student` VALUES ('1345', '17037022', '刘琬婷', '1992-07-09', '0', '37');
INSERT INTO `db_student` VALUES ('1346', '17037023', '黄剑屏', '1993-05-14', '1', '37');
INSERT INTO `db_student` VALUES ('1347', '17037024', '励黎', '1991-11-08', '1', '37');
INSERT INTO `db_student` VALUES ('1348', '17037025', '王明钊', '1993-11-09', '0', '37');
INSERT INTO `db_student` VALUES ('1349', '17037026', '陈连香', '1991-11-20', '1', '37');
INSERT INTO `db_student` VALUES ('1350', '17037027', '任金凭', '1991-09-04', '0', '37');
