<?xml version="1.0" encoding="UTF-8"?>
<beans xmlns="http://www.springframework.org/schema/beans"
       xmlns:p="http://www.springframework.org/schema/p"
       xmlns:xsi="http://www.w3.org/2001/XMLSchema-instance"
       xmlns:context="http://www.springframework.org/schema/context"
       xsi:schemaLocation="
       http://www.springframework.org/schema/beans
       http://www.springframework.org/schema/beans/spring-beans-4.0.xsd
       http://www.springframework.org/schema/context
       http://www.springframework.org/schema/context/spring-context-4.0.xsd">
    <!-- use-default-filters="false" -->
    <context:component-scan base-package="com.tao" use-default-filters="false"/>

    <context:property-placeholder location="classpath:properties/*.properties" ignore-unresolvable="true"/>

    <bean id="dataSource" class="com.alibaba.druid.pool.DruidDataSource"
          destroy-method="close">
        <property name="driverClassName" value="${driver}"/>
        <property name="url" value="${url}"/>
        <property name="username" value="${username}"/>
        <property name="password" value="${password}"/>
        <property name="initialSize" value="${initialSize}"/>
        <property name="maxActive" value="${maxActive}"/>
        <property name="minIdle" value="${minIdle}"/>
        <property name="maxWait" value="${maxWait}"/>
    </bean>


    <bean id="sqlSessionFactory" class="org.mybatis.spring.SqlSessionFactoryBean">
        <property name="dataSource" ref="dataSource"/>
        <property name="mapperLocations" value="classpath:mapper/menuSelectionMapper.xml"/>
        <property name="configLocation" value="classpath:/myBatisConfig.xml"/>
    </bean>

    <bean class="org.mybatis.spring.mapper.MapperScannerConfigurer">
        <property name="basePackage" value="com.tao.dao"/>
        <property name="sqlSessionFactoryBeanName" value="sqlSessionFactory"/>
    </bean>

    <bean id="jdbcTemplate"
          class="org.springframework.jdbc.core.JdbcTemplate"
          p:dataSource-ref="dataSource"/>
</beans>
