<?xml version="1.0" encoding="UTF-8"?>
<beans xmlns="http://www.springframework.org/schema/beans"
       xmlns:xsi="http://www.w3.org/2001/XMLSchema-instance"
       xmlns:context="http://www.springframework.org/schema/context"
       xmlns:mvc="http://www.springframework.org/schema/mvc"
       xmlns:p="http://www.springframework.org/schema/p"
       xsi:schemaLocation="http://www.springframework.org/schema/beans
        http://www.springframework.org/schema/beans/spring-beans.xsd
        http://www.springframework.org/schema/mvc
        http://www.springframework.org/schema/mvc/spring-mvc-4.0.xsd
        http://www.springframework.org/schema/context
        http://www.springframework.org/schema/context/spring-context.xsd">
    <mvc:annotation-driven/>

    <context:component-scan base-package="com.tao"/>
    <!--<context:property-placeholder location="classpath:application.properties" ignore-unresolvable="true"/>-->
    <bean id="propertyConfigurer"
          class="org.springframework.beans.factory.config.PropertyPlaceholderConfigurer">
        <property name="location" value="classpath:properties/application.properties"/>
    </bean>
    <!--mvc静态资源处理-->
    <mvc:default-servlet-handler/>

    <bean class="org.springframework.web.servlet.mvc.method.annotation.RequestMappingHandlerAdapter">
        <property name="messageConverters">
            <list>
                <bean class="org.springframework.http.converter.BufferedImageHttpMessageConverter"/>
                <bean class="org.springframework.http.converter.ByteArrayHttpMessageConverter"/>
                <bean class="org.springframework.http.converter.StringHttpMessageConverter"/>
                <bean class="org.springframework.http.converter.support.AllEncompassingFormHttpMessageConverter"/>
                <bean class="org.springframework.http.converter.json.MappingJackson2HttpMessageConverter"/>
            </list>
        </property>
    </bean>

    <!-- 视图解析器，根据视图的名称new ModelAndView(name)，在配置文件查找对应的bean配置 -->
    <bean class="org.springframework.web.servlet.view.BeanNameViewResolver" p:order="1"/>

    <!--配置拦截器, 多个拦截器,顺序执行 -->

    <mvc:interceptors>
        <mvc:interceptor>
            <!-- 匹配的是url路径， 如果不配置或/**,将拦截所有的Controller -->
            <mvc:mapping path="/**"/>
            <bean class="com.tao.interceptor.ParameterInterceptor"/>
        </mvc:interceptor>
    </mvc:interceptors>

</beans>